xflr5 v6.51,,,,,,,,,,,
,,,,,,,,,,,
Plane Name,,,,,,,,,,,
T1-10.0 m/s-Panel-Inviscid,,,,,,,,,,,
QInf  =,10,m/s,,,,,,,,,
Alpha = ,10,,,,,,,,,,
Beta  = ,   0.000°,,,,,,,,,,
Phi   = ,   0.000°,,,,,,,,,,
Ctrl  = ,0,,,,,,,,,,
CL    = ,1.159742,,,,,,,,,,
Cy    = ,0,,,,,,,,,,
Cd=,0.046296,ICd=,0.046296,PCd=,0,,,,,,
Cl   = ,3.35E-15,,,,,,,,,,
Cm   =,-1.48582,,,,,,,,,,
ICn=,0,PCn=,0,,,,,,,,
XCP=,8.729593, YCP=,0, ZCP=,0.688983,,,,,,
XNP=,0,,,,,,,,,,
Bending =,136506.8885,,,,,,,,,,
,,,,,,,,,,,
Main Wing,,,,,,,,,,,
  y-span,Chord,Ai,Cl,PCd,ICd,CmGeom,CmAirf,XTrtop,XTrBot,XCP,BM
-28.0919,2.9115,-8.067,0.396073,0,0.056133,-2.313545,0.003459,0,0,0.2422,0
-27.9,2.9572,-6.535,0.656857,0,0.075229,-3.585768,-0.020999,0,0,0.2786,1.3197
-27.5176,3.0484,-5.429,0.887315,0,0.084311,-4.570207,-0.028219,0,0,0.2781,17.2118
-26.9471,3.1844,-4.449,1.060863,0,0.082511,-5.168313,-0.044557,0,0,0.2878,86.6102
-26.1926,3.3644,-3.621,1.178763,0,0.074549,-5.338476,-0.059123,0,0,0.2956,283.3605
-25.2591,3.5869,-2.968,1.250867,0,0.064806,-5.177141,-0.069358,0,0,0.3006,720.9544
-24.1531,3.8507,-2.502,1.289458,0,0.056291,-4.806025,-0.075735,0,0,0.3038,1553.9457
-22.8821,4.1537,-2.204,1.305126,0,0.050153,-4.325979,-0.079526,0,0,0.3059,2977.3665
-21.4548,4.4941,-2.036,1.305418,0,0.046335,-3.806331,-0.081784,0,0,0.3076,5224.6563
-19.881,4.8694,-1.964,1.295197,0,0.04434,-3.289755,-0.083163,0,0,0.3092,8563.8321
-18.1713,5.277,-1.961,1.277437,0,0.043635,-2.800472,-0.084046,0,0,0.3108,13291.3704
-16.3375,5.7143,-2.004,1.253867,0,0.043774,-2.35076,-0.084654,0,0,0.3125,19723.3703
-14.3921,6.1782,-2.081,1.2254,0,0.0444,-1.945685,-0.085128,0,0,0.3145,28183.7886
-12.3484,6.6655,-2.178,1.192398,0,0.045214,-1.586091,-0.085585,0,0,0.3169,38989.7872
-10.2204,7.1729,-2.286,1.154799,0,0.045935,-1.270607,-0.086195,0,0,0.3198,52434.4929
-8.0225,7.697,-2.388,1.112114,0,0.04616,-0.996784,-0.087207,0,0,0.3237,68767.6913
-5.7698,8.2342,-2.459,1.063551,0,0.045371,-0.762339,-0.089314,0,0,0.3294,88175.03
-3.4777,8.7807,-2.44,1.00767,0,0.042437,-0.565984,-0.094115,0,0,0.339,110756.8524
-1.1619,9.3329,-2.145,0.939022,0,0.033592,-0.409432,-0.106617,0,0,0.3592,136506.8885
1.1619,9.3329,-2.145,0.939022,0,0.033592,-0.409432,-0.106617,0,0,0.3592,136506.8885
3.4777,8.7807,-2.44,1.00767,0,0.042437,-0.565984,-0.094115,0,0,0.339,110756.8524
5.7698,8.2342,-2.459,1.063551,0,0.045371,-0.762339,-0.089314,0,0,0.3294,88175.03
8.0225,7.697,-2.388,1.112114,0,0.04616,-0.996784,-0.087207,0,0,0.3237,68767.6913
10.2204,7.1729,-2.286,1.154799,0,0.045935,-1.270607,-0.086195,0,0,0.3198,52434.4929
12.3484,6.6655,-2.178,1.192398,0,0.045214,-1.586091,-0.085585,0,0,0.3169,38989.7872
14.3921,6.1782,-2.081,1.2254,0,0.0444,-1.945685,-0.085128,0,0,0.3145,28183.7886
16.3375,5.7143,-2.004,1.253867,0,0.043774,-2.35076,-0.084654,0,0,0.3125,19723.3703
18.1713,5.277,-1.961,1.277437,0,0.043635,-2.800472,-0.084046,0,0,0.3108,13291.3704
19.881,4.8694,-1.964,1.295197,0,0.04434,-3.289755,-0.083163,0,0,0.3092,8563.8321
21.4548,4.4941,-2.036,1.305418,0,0.046335,-3.806331,-0.081784,0,0,0.3076,5224.6563
22.8821,4.1537,-2.204,1.305126,0,0.050153,-4.325979,-0.079526,0,0,0.3059,2977.3665
24.1531,3.8507,-2.502,1.289458,0,0.056291,-4.806025,-0.075735,0,0,0.3038,1553.9457
25.2591,3.5869,-2.968,1.250867,0,0.064806,-5.177141,-0.069358,0,0,0.3006,720.9544
26.1926,3.3644,-3.621,1.178763,0,0.074549,-5.338476,-0.059123,0,0,0.2956,283.3605
26.9471,3.1844,-4.449,1.060863,0,0.082511,-5.168313,-0.044557,0,0,0.2878,86.6102
27.5176,3.0484,-5.429,0.887315,0,0.084311,-4.570207,-0.028219,0,0,0.2781,17.2118
27.9,2.9572,-6.535,0.656857,0,0.075229,-3.585768,-0.020999,0,0,0.2786,1.3197
28.0919,2.9115,-8.067,0.396073,0,0.056133,-2.313545,0.003459,0,0,0.2422,0
,,,,,,,,,,,
,,,,,,,,,,,
Main Wing Cp Coefficients,,,,,,,,,,,
Panel,CtrlPt.x,CtrlPt.y,CtrlPt.z,Nx,Ny,Nz,Area,Cp,,,
Main WingCp Coefficients,,,,,,,,,,,
Strip 1,,,,,,,,,,,
13,1.73E+01,-2.81E+01,1.07E+00,-0.054,-0.054,-0.997,4.07E-03,-1.2533,,,
14,1.72E+01,-2.81E+01,1.08E+00,-0.147,-0.08,-0.986,1.21E-02,-1.2539,,,
15,1.71E+01,-2.81E+01,1.09E+00,-0.053,-0.053,-0.997,1.92E-02,-1.1824,,,
16,1.68E+01,-2.81E+01,1.09E+00,0.026,-0.029,-0.999,2.53E-02,-0.9774,,,
17,1.65E+01,-2.81E+01,1.08E+00,0.067,-0.015,-0.998,2.99E-02,-0.7287,,,
18,1.62E+01,-2.81E+01,1.06E+00,0.072,-0.014,-0.997,3.29E-02,-0.5268,,,
19,1.59E+01,-2.81E+01,1.04E+00,0.037,-0.027,-0.999,3.38E-02,-0.3952,,,
20,1.55E+01,-2.81E+01,1.03E+00,0.013,-0.037,-0.999,3.28E-02,-0.3017,,,
21,1.52E+01,-2.81E+01,1.03E+00,-0.005,-0.045,-0.999,2.99E-02,-0.2208,,,
22,1.49E+01,-2.81E+01,1.03E+00,-0.028,-0.055,-0.998,2.53E-02,-0.125,,,
23,1.47E+01,-2.81E+01,1.04E+00,-0.057,-0.069,-0.996,1.92E-02,0.0298,,,
24,1.45E+01,-2.81E+01,1.05E+00,-0.099,-0.09,-0.991,1.20E-02,0.3201,,,
25,1.44E+01,-2.81E+01,1.07E+00,-0.389,-0.234,-0.891,4.52E-03,0.3691,,,
26,1.44E+01,-2.81E+01,1.11E+00,-0.736,-0.356,0.576,7.24E-03,-2.7344,,,
27,1.45E+01,-2.81E+01,1.16E+00,-0.343,-0.143,0.928,1.30E-02,-1.94,,,
28,1.47E+01,-2.81E+01,1.20E+00,-0.173,-0.057,0.983,1.95E-02,-1.0478,,,
29,1.49E+01,-2.81E+01,1.23E+00,-0.097,-0.02,0.995,2.54E-02,-0.749,,,
30,1.52E+01,-2.81E+01,1.25E+00,-0.051,0.002,0.999,2.99E-02,-0.6553,,,
31,1.55E+01,-2.81E+01,1.26E+00,-0.013,0.018,1,3.27E-02,-0.6369,,,
32,1.59E+01,-2.81E+01,1.26E+00,0.027,0.035,0.999,3.37E-02,-0.6577,,,
33,1.62E+01,-2.81E+01,1.24E+00,0.075,0.053,0.996,3.28E-02,-0.7171,,,
34,1.65E+01,-2.81E+01,1.21E+00,0.125,0.07,0.99,3.01E-02,-0.8431,,,
35,1.68E+01,-2.81E+01,1.17E+00,0.155,0.08,0.985,2.56E-02,-1.0681,,,
36,1.71E+01,-2.81E+01,1.13E+00,0.181,0.087,0.98,1.95E-02,-1.3003,,,
37,1.72E+01,-2.81E+01,1.10E+00,0.205,0.094,0.974,1.22E-02,-1.4409,,,
38,1.73E+01,-2.81E+01,1.07E+00,0.364,0.137,0.921,4.39E-03,-1.3076,,,
Strip 2,,,,,,,,,,,
39,1.73E+01,-2.79E+01,1.06E+00,-0.054,-0.054,-0.997,1.24E-02,-0.603,,,
40,1.72E+01,-2.79E+01,1.07E+00,-0.147,-0.08,-0.986,3.68E-02,-0.5259,,,
41,1.70E+01,-2.79E+01,1.09E+00,-0.053,-0.053,-0.997,5.83E-02,-0.4594,,,
42,1.68E+01,-2.79E+01,1.09E+00,0.026,-0.029,-0.999,7.68E-02,-0.3842,,,
43,1.65E+01,-2.79E+01,1.07E+00,0.067,-0.015,-0.998,9.10E-02,-0.3062,,,
44,1.61E+01,-2.79E+01,1.05E+00,0.072,-0.014,-0.997,9.99E-02,-0.2467,,,
45,1.58E+01,-2.79E+01,1.03E+00,0.037,-0.027,-0.999,1.03E-01,-0.1932,,,
46,1.54E+01,-2.79E+01,1.02E+00,0.013,-0.037,-0.999,9.96E-02,-0.1283,,,
47,1.51E+01,-2.79E+01,1.02E+00,-0.005,-0.045,-0.999,9.08E-02,-0.0501,,,
48,1.48E+01,-2.79E+01,1.03E+00,-0.028,-0.055,-0.998,7.68E-02,0.0644,,,
49,1.46E+01,-2.79E+01,1.03E+00,-0.057,-0.069,-0.996,5.84E-02,0.2602,,,
50,1.44E+01,-2.79E+01,1.05E+00,-0.099,-0.09,-0.991,3.66E-02,0.5431,,,
51,1.43E+01,-2.79E+01,1.06E+00,-0.389,-0.234,-0.891,1.37E-02,0.0134,,,
52,1.43E+01,-2.79E+01,1.10E+00,-0.736,-0.356,0.576,2.20E-02,-4.1169,,,
53,1.44E+01,-2.79E+01,1.15E+00,-0.343,-0.143,0.928,3.94E-02,-2.6375,,,
54,1.46E+01,-2.79E+01,1.19E+00,-0.173,-0.057,0.983,5.94E-02,-1.3824,,,
55,1.48E+01,-2.79E+01,1.22E+00,-0.097,-0.02,0.995,7.72E-02,-0.8848,,,
56,1.51E+01,-2.79E+01,1.24E+00,-0.051,0.002,0.999,9.09E-02,-0.6877,,,
57,1.54E+01,-2.79E+01,1.25E+00,-0.013,0.018,1,9.95E-02,-0.6158,,,
58,1.58E+01,-2.79E+01,1.25E+00,0.027,0.035,0.999,1.03E-01,-0.6005,,,
59,1.61E+01,-2.79E+01,1.23E+00,0.075,0.053,0.996,9.98E-02,-0.6098,,,
60,1.65E+01,-2.79E+01,1.20E+00,0.125,0.07,0.99,9.15E-02,-0.6294,,,
61,1.68E+01,-2.79E+01,1.16E+00,0.155,0.08,0.985,7.77E-02,-0.6809,,,
62,1.70E+01,-2.79E+01,1.12E+00,0.181,0.087,0.98,5.93E-02,-0.7287,,,
63,1.72E+01,-2.79E+01,1.09E+00,0.205,0.094,0.974,3.72E-02,-0.7657,,,
64,1.73E+01,-2.79E+01,1.07E+00,0.364,0.137,0.921,1.34E-02,-0.6043,,,
Strip 3,,,,,,,,,,,
65,1.71E+01,-2.75E+01,1.04E+00,-0.054,-0.054,-0.997,2.12E-02,-0.0833,,,
66,1.71E+01,-2.75E+01,1.06E+00,-0.147,-0.08,-0.986,6.29E-02,0.0399,,,
67,1.69E+01,-2.75E+01,1.07E+00,-0.053,-0.053,-0.997,9.98E-02,0.0903,,,
68,1.67E+01,-2.75E+01,1.07E+00,0.026,-0.029,-0.999,1.31E-01,0.072,,,
69,1.64E+01,-2.75E+01,1.06E+00,0.067,-0.015,-0.998,1.56E-01,0.0359,,,
70,1.60E+01,-2.75E+01,1.03E+00,0.072,-0.014,-0.997,1.71E-01,0.0065,,,
71,1.56E+01,-2.75E+01,1.01E+00,0.037,-0.027,-0.999,1.76E-01,0.0173,,,
72,1.53E+01,-2.75E+01,1.01E+00,0.013,-0.037,-0.999,1.70E-01,0.0723,,,
73,1.49E+01,-2.75E+01,1.00E+00,-0.005,-0.045,-0.999,1.55E-01,0.1612,,,
74,1.46E+01,-2.75E+01,1.01E+00,-0.028,-0.055,-0.998,1.31E-01,0.2983,,,
75,1.44E+01,-2.75E+01,1.02E+00,-0.057,-0.069,-0.996,9.99E-02,0.4977,,,
76,1.42E+01,-2.75E+01,1.03E+00,-0.099,-0.09,-0.991,6.26E-02,0.707,,,
77,1.41E+01,-2.75E+01,1.05E+00,-0.388,-0.234,-0.891,2.35E-02,-0.3843,,,
78,1.41E+01,-2.75E+01,1.09E+00,-0.736,-0.356,0.575,3.76E-02,-5.4033,,,
79,1.42E+01,-2.75E+01,1.14E+00,-0.343,-0.144,0.928,6.74E-02,-3.1857,,,
80,1.44E+01,-2.75E+01,1.18E+00,-0.173,-0.057,0.983,1.02E-01,-1.6854,,,
81,1.46E+01,-2.75E+01,1.21E+00,-0.097,-0.02,0.995,1.32E-01,-1.0693,,,
82,1.49E+01,-2.75E+01,1.24E+00,-0.051,0.002,0.999,1.56E-01,-0.7778,,,
83,1.53E+01,-2.75E+01,1.25E+00,-0.013,0.018,1,1.70E-01,-0.6291,,,
84,1.56E+01,-2.75E+01,1.24E+00,0.027,0.035,0.999,1.75E-01,-0.5456,,,
85,1.60E+01,-2.75E+01,1.22E+00,0.075,0.053,0.996,1.71E-01,-0.4739,,,
86,1.64E+01,-2.75E+01,1.19E+00,0.125,0.07,0.99,1.57E-01,-0.382,,,
87,1.67E+01,-2.75E+01,1.15E+00,0.155,0.08,0.985,1.33E-01,-0.3011,,,
88,1.69E+01,-2.75E+01,1.11E+00,0.181,0.087,0.98,1.01E-01,-0.2337,,,
89,1.71E+01,-2.75E+01,1.07E+00,0.205,0.094,0.974,6.37E-02,-0.2017,,,
90,1.71E+01,-2.75E+01,1.05E+00,0.364,0.136,0.921,2.28E-02,-0.0332,,,
Strip 4,,,,,,,,,,,
91,1.70E+01,-2.69E+01,1.02E+00,-0.054,-0.054,-0.997,3.08E-02,0.0243,,,
92,1.69E+01,-2.69E+01,1.03E+00,-0.147,-0.08,-0.986,9.14E-02,0.1646,,,
93,1.67E+01,-2.69E+01,1.05E+00,-0.053,-0.053,-0.997,1.45E-01,0.2255,,,
94,1.65E+01,-2.69E+01,1.05E+00,0.026,-0.029,-0.999,1.91E-01,0.2052,,,
95,1.62E+01,-2.69E+01,1.04E+00,0.067,-0.015,-0.998,2.26E-01,0.1608,,,
96,1.58E+01,-2.69E+01,1.01E+00,0.072,-0.014,-0.997,2.48E-01,0.1236,,,
97,1.54E+01,-2.69E+01,9.91E-01,0.037,-0.027,-0.999,2.55E-01,0.1324,,,
98,1.50E+01,-2.69E+01,9.81E-01,0.013,-0.037,-0.999,2.47E-01,0.1913,,,
99,1.47E+01,-2.69E+01,9.80E-01,-0.005,-0.045,-0.999,2.26E-01,0.2844,,,
100,1.44E+01,-2.69E+01,9.85E-01,-0.028,-0.055,-0.998,1.91E-01,0.4172,,,
101,1.41E+01,-2.69E+01,9.95E-01,-0.057,-0.069,-0.996,1.45E-01,0.596,,,
102,1.39E+01,-2.69E+01,1.01E+00,-0.099,-0.09,-0.991,9.09E-02,0.7473,,,
103,1.39E+01,-2.69E+01,1.02E+00,-0.388,-0.234,-0.891,3.42E-02,-0.7996,,,
104,1.39E+01,-2.69E+01,1.07E+00,-0.737,-0.356,0.575,5.46E-02,-6.4226,,,
105,1.39E+01,-2.69E+01,1.12E+00,-0.343,-0.144,0.928,9.78E-02,-3.5981,,,
106,1.41E+01,-2.69E+01,1.17E+00,-0.173,-0.057,0.983,1.47E-01,-1.9074,,,
107,1.44E+01,-2.69E+01,1.20E+00,-0.097,-0.02,0.995,1.92E-01,-1.2295,,,
108,1.47E+01,-2.69E+01,1.22E+00,-0.051,0.002,0.999,2.26E-01,-0.9002,,,
109,1.50E+01,-2.69E+01,1.23E+00,-0.013,0.018,1,2.47E-01,-0.7152,,,
110,1.54E+01,-2.69E+01,1.23E+00,0.027,0.035,0.999,2.55E-01,-0.5956,,,
111,1.58E+01,-2.69E+01,1.21E+00,0.075,0.053,0.996,2.48E-01,-0.489,,,
112,1.62E+01,-2.69E+01,1.17E+00,0.125,0.07,0.99,2.27E-01,-0.3638,,,
113,1.65E+01,-2.69E+01,1.13E+00,0.155,0.08,0.985,1.93E-01,-0.2512,,,
114,1.67E+01,-2.69E+01,1.09E+00,0.181,0.087,0.98,1.47E-01,-0.1562,,,
115,1.69E+01,-2.69E+01,1.05E+00,0.205,0.094,0.974,9.25E-02,-0.1041,,,
116,1.70E+01,-2.69E+01,1.03E+00,0.364,0.136,0.921,3.32E-02,0.065,,,
Strip 5,,,,,,,,,,,
117,1.68E+01,-2.62E+01,9.92E-01,-0.054,-0.054,-0.997,4.14E-02,0.0608,,,
118,1.67E+01,-2.62E+01,1.00E+00,-0.147,-0.08,-0.986,1.23E-01,0.2104,,,
119,1.65E+01,-2.62E+01,1.02E+00,-0.053,-0.053,-0.997,1.95E-01,0.2794,,,
120,1.62E+01,-2.62E+01,1.02E+00,0.026,-0.029,-0.999,2.57E-01,0.2634,,,
121,1.59E+01,-2.62E+01,1.01E+00,0.067,-0.015,-0.998,3.04E-01,0.2217,,,
122,1.55E+01,-2.62E+01,9.81E-01,0.072,-0.014,-0.997,3.34E-01,0.1877,,,
123,1.51E+01,-2.62E+01,9.59E-01,0.037,-0.027,-0.999,3.43E-01,0.1999,,,
124,1.47E+01,-2.62E+01,9.49E-01,0.013,-0.037,-0.999,3.33E-01,0.2602,,,
125,1.43E+01,-2.62E+01,9.48E-01,-0.005,-0.045,-0.999,3.04E-01,0.3509,,,
126,1.40E+01,-2.62E+01,9.53E-01,-0.028,-0.055,-0.998,2.57E-01,0.4768,,,
127,1.38E+01,-2.62E+01,9.64E-01,-0.057,-0.069,-0.996,1.95E-01,0.6429,,,
128,1.36E+01,-2.62E+01,9.77E-01,-0.099,-0.09,-0.991,1.22E-01,0.7561,,,
129,1.35E+01,-2.62E+01,9.95E-01,-0.388,-0.233,-0.892,4.60E-02,-1.121,,,
130,1.35E+01,-2.62E+01,1.04E+00,-0.737,-0.357,0.574,7.34E-02,-7.144,,,
131,1.36E+01,-2.62E+01,1.10E+00,-0.343,-0.144,0.928,1.32E-01,-3.8829,,,
132,1.38E+01,-2.62E+01,1.14E+00,-0.173,-0.057,0.983,1.98E-01,-2.0551,,,
133,1.40E+01,-2.62E+01,1.18E+00,-0.097,-0.02,0.995,2.58E-01,-1.3374,,,
134,1.43E+01,-2.62E+01,1.20E+00,-0.051,0.002,0.999,3.04E-01,-0.9907,,,
135,1.47E+01,-2.62E+01,1.21E+00,-0.013,0.018,1,3.33E-01,-0.7921,,,
136,1.51E+01,-2.62E+01,1.21E+00,0.027,0.035,0.999,3.43E-01,-0.657,,,
137,1.55E+01,-2.62E+01,1.19E+00,0.075,0.053,0.996,3.34E-01,-0.5326,,,
138,1.59E+01,-2.62E+01,1.15E+00,0.125,0.07,0.99,3.06E-01,-0.3883,,,
139,1.62E+01,-2.62E+01,1.11E+00,0.155,0.08,0.985,2.60E-01,-0.2576,,,
140,1.65E+01,-2.62E+01,1.06E+00,0.181,0.087,0.98,1.98E-01,-0.1477,,,
141,1.67E+01,-2.62E+01,1.03E+00,0.205,0.094,0.974,1.25E-01,-0.0832,,,
142,1.68E+01,-2.62E+01,1.00E+00,0.364,0.136,0.921,4.47E-02,0.0882,,,
Strip 6,,,,,,,,,,,
143,1.65E+01,-2.52E+01,9.56E-01,-0.054,-0.054,-0.997,5.33E-02,0.0769,,,
144,1.64E+01,-2.52E+01,9.68E-01,-0.147,-0.08,-0.986,1.59E-01,0.232,,,
145,1.62E+01,-2.52E+01,9.86E-01,-0.053,-0.053,-0.997,2.51E-01,0.3063,,,
146,1.59E+01,-2.52E+01,9.88E-01,0.026,-0.029,-0.999,3.31E-01,0.2941,,,
147,1.56E+01,-2.52E+01,9.71E-01,0.067,-0.015,-0.998,3.92E-01,0.2556,,,
148,1.52E+01,-2.52E+01,9.43E-01,0.072,-0.014,-0.997,4.30E-01,0.2247,,,
149,1.48E+01,-2.52E+01,9.20E-01,0.037,-0.027,-0.999,4.42E-01,0.2387,,,
150,1.43E+01,-2.52E+01,9.10E-01,0.013,-0.037,-0.999,4.29E-01,0.2985,,,
151,1.39E+01,-2.52E+01,9.08E-01,-0.005,-0.045,-0.999,3.91E-01,0.3867,,,
152,1.36E+01,-2.52E+01,9.13E-01,-0.028,-0.055,-0.998,3.31E-01,0.5081,,,
153,1.33E+01,-2.52E+01,9.25E-01,-0.057,-0.069,-0.996,2.52E-01,0.667,,,
154,1.31E+01,-2.52E+01,9.40E-01,-0.099,-0.09,-0.991,1.58E-01,0.7569,,,
155,1.30E+01,-2.52E+01,9.58E-01,-0.388,-0.233,-0.892,5.93E-02,-1.3232,,,
156,1.30E+01,-2.52E+01,1.00E+00,-0.738,-0.357,0.573,9.45E-02,-7.5856,,,
157,1.31E+01,-2.52E+01,1.07E+00,-0.343,-0.144,0.928,1.70E-01,-4.0564,,,
158,1.33E+01,-2.52E+01,1.12E+00,-0.173,-0.057,0.983,2.56E-01,-2.1432,,,
159,1.36E+01,-2.52E+01,1.15E+00,-0.097,-0.02,0.995,3.32E-01,-1.4017,,,
160,1.39E+01,-2.52E+01,1.18E+00,-0.051,0.002,0.999,3.91E-01,-1.0458,,,
161,1.43E+01,-2.52E+01,1.19E+00,-0.013,0.018,1,4.29E-01,-0.8415,,,
162,1.48E+01,-2.52E+01,1.19E+00,0.027,0.035,0.999,4.42E-01,-0.7,,,
163,1.52E+01,-2.52E+01,1.17E+00,0.075,0.053,0.996,4.30E-01,-0.5671,,,
164,1.56E+01,-2.52E+01,1.13E+00,0.125,0.07,0.99,3.94E-01,-0.4124,,,
165,1.59E+01,-2.52E+01,1.08E+00,0.155,0.08,0.985,3.35E-01,-0.2713,,,
166,1.62E+01,-2.52E+01,1.03E+00,0.181,0.087,0.98,2.56E-01,-0.1523,,,
167,1.64E+01,-2.52E+01,9.91E-01,0.205,0.094,0.974,1.60E-01,-0.0798,,,
168,1.65E+01,-2.52E+01,9.64E-01,0.364,0.136,0.921,5.76E-02,0.0939,,,
Strip 7,,,,,,,,,,,
169,1.62E+01,-2.41E+01,9.12E-01,-0.054,-0.054,-0.997,6.67E-02,0.0851,,,
170,1.61E+01,-2.41E+01,9.26E-01,-0.147,-0.08,-0.986,1.98E-01,0.2433,,,
171,1.59E+01,-2.41E+01,9.45E-01,-0.053,-0.053,-0.997,3.14E-01,0.3208,,,
172,1.56E+01,-2.41E+01,9.47E-01,0.026,-0.029,-0.999,4.14E-01,0.3109,,,
173,1.52E+01,-2.41E+01,9.29E-01,0.067,-0.015,-0.998,4.90E-01,0.2745,,,
174,1.48E+01,-2.41E+01,8.99E-01,0.072,-0.014,-0.997,5.38E-01,0.2452,,,
175,1.43E+01,-2.41E+01,8.74E-01,0.037,-0.027,-0.999,5.53E-01,0.2599,,,
176,1.39E+01,-2.41E+01,8.63E-01,0.013,-0.037,-0.999,5.37E-01,0.3189,,,
177,1.34E+01,-2.41E+01,8.61E-01,-0.005,-0.045,-0.999,4.89E-01,0.4052,,,
178,1.31E+01,-2.41E+01,8.67E-01,-0.028,-0.055,-0.998,4.14E-01,0.524,,,
179,1.27E+01,-2.41E+01,8.79E-01,-0.057,-0.069,-0.996,3.15E-01,0.679,,,
180,1.25E+01,-2.41E+01,8.95E-01,-0.099,-0.09,-0.991,1.97E-01,0.7574,,,
181,1.24E+01,-2.41E+01,9.15E-01,-0.388,-0.233,-0.892,7.42E-02,-1.4147,,,
182,1.24E+01,-2.41E+01,9.64E-01,-0.738,-0.357,0.572,1.18E-01,-7.7924,,,
183,1.25E+01,-2.41E+01,1.03E+00,-0.344,-0.144,0.928,2.12E-01,-4.1399,,,
184,1.27E+01,-2.41E+01,1.09E+00,-0.173,-0.057,0.983,3.20E-01,-2.1863,,,
185,1.31E+01,-2.41E+01,1.13E+00,-0.097,-0.02,0.995,4.16E-01,-1.4341,,,
186,1.34E+01,-2.41E+01,1.15E+00,-0.051,0.002,0.999,4.90E-01,-1.0747,,,
187,1.39E+01,-2.41E+01,1.17E+00,-0.013,0.018,1,5.36E-01,-0.8683,,,
188,1.43E+01,-2.41E+01,1.16E+00,0.027,0.035,0.999,5.52E-01,-0.7245,,,
189,1.48E+01,-2.41E+01,1.14E+00,0.075,0.053,0.996,5.38E-01,-0.5877,,,
190,1.52E+01,-2.41E+01,1.10E+00,0.125,0.07,0.99,4.93E-01,-0.4278,,,
191,1.56E+01,-2.41E+01,1.04E+00,0.155,0.08,0.985,4.19E-01,-0.2811,,,
192,1.59E+01,-2.41E+01,9.91E-01,0.181,0.087,0.98,3.20E-01,-0.1571,,,
193,1.61E+01,-2.41E+01,9.50E-01,0.205,0.094,0.974,2.01E-01,-0.0798,,,
194,1.62E+01,-2.41E+01,9.22E-01,0.364,0.136,0.921,7.20E-02,0.0954,,,
Strip 8,,,,,,,,,,,
195,1.59E+01,-2.29E+01,8.62E-01,-0.054,-0.054,-0.997,8.17E-02,0.0894,,,
196,1.57E+01,-2.29E+01,8.77E-01,-0.147,-0.08,-0.986,2.43E-01,0.2495,,,
197,1.55E+01,-2.29E+01,8.98E-01,-0.053,-0.053,-0.997,3.85E-01,0.3287,,,
198,1.52E+01,-2.29E+01,9.00E-01,0.026,-0.029,-0.999,5.07E-01,0.3201,,,
199,1.48E+01,-2.29E+01,8.80E-01,0.067,-0.015,-0.998,6.00E-01,0.2845,,,
200,1.43E+01,-2.29E+01,8.48E-01,0.072,-0.014,-0.997,6.59E-01,0.2558,,,
201,1.38E+01,-2.29E+01,8.21E-01,0.037,-0.027,-0.999,6.77E-01,0.2704,,,
202,1.33E+01,-2.29E+01,8.09E-01,0.013,-0.037,-0.999,6.57E-01,0.3286,,,
203,1.29E+01,-2.29E+01,8.07E-01,-0.005,-0.045,-0.999,5.99E-01,0.4135,,,
204,1.25E+01,-2.29E+01,8.13E-01,-0.028,-0.055,-0.998,5.07E-01,0.5305,,,
205,1.21E+01,-2.29E+01,8.27E-01,-0.057,-0.069,-0.996,3.85E-01,0.6836,,,
206,1.19E+01,-2.29E+01,8.44E-01,-0.099,-0.09,-0.991,2.42E-01,0.7596,,,
207,1.18E+01,-2.29E+01,8.65E-01,-0.387,-0.233,-0.892,9.09E-02,-1.4171,,,
208,1.18E+01,-2.29E+01,9.18E-01,-0.739,-0.357,0.572,1.45E-01,-7.8167,,,
209,1.19E+01,-2.29E+01,9.91E-01,-0.344,-0.144,0.928,2.59E-01,-4.1545,,,
210,1.21E+01,-2.29E+01,1.05E+00,-0.173,-0.057,0.983,3.91E-01,-2.1961,,,
211,1.25E+01,-2.29E+01,1.09E+00,-0.097,-0.02,0.995,5.09E-01,-1.444,,,
212,1.29E+01,-2.29E+01,1.12E+00,-0.051,0.002,0.999,6.00E-01,-1.0853,,,
213,1.33E+01,-2.29E+01,1.14E+00,-0.013,0.018,1,6.57E-01,-0.8794,,,
214,1.38E+01,-2.29E+01,1.13E+00,0.027,0.035,0.999,6.77E-01,-0.7354,,,
215,1.43E+01,-2.29E+01,1.11E+00,0.075,0.053,0.996,6.59E-01,-0.5974,,,
216,1.48E+01,-2.29E+01,1.06E+00,0.125,0.07,0.99,6.04E-01,-0.4354,,,
217,1.52E+01,-2.29E+01,1.00E+00,0.155,0.08,0.985,5.13E-01,-0.2862,,,
218,1.55E+01,-2.29E+01,9.47E-01,0.181,0.087,0.98,3.92E-01,-0.1598,,,
219,1.57E+01,-2.29E+01,9.03E-01,0.205,0.094,0.974,2.46E-01,-0.08,,,
220,1.59E+01,-2.29E+01,8.72E-01,0.364,0.136,0.921,8.82E-02,0.0959,,,
Strip 9,,,,,,,,,,,
221,1.55E+01,-2.14E+01,8.06E-01,-0.054,-0.054,-0.997,9.83E-02,0.0917,,,
222,1.53E+01,-2.14E+01,8.22E-01,-0.147,-0.08,-0.986,2.92E-01,0.2527,,,
223,1.51E+01,-2.14E+01,8.44E-01,-0.053,-0.053,-0.997,4.63E-01,0.3329,,,
224,1.47E+01,-2.14E+01,8.47E-01,0.026,-0.029,-0.999,6.10E-01,0.3248,,,
225,1.43E+01,-2.14E+01,8.26E-01,0.067,-0.015,-0.998,7.23E-01,0.2894,,,
226,1.38E+01,-2.14E+01,7.91E-01,0.072,-0.014,-0.997,7.93E-01,0.2605,,,
227,1.33E+01,-2.14E+01,7.62E-01,0.037,-0.027,-0.999,8.15E-01,0.2745,,,
228,1.27E+01,-2.14E+01,7.48E-01,0.013,-0.037,-0.999,7.91E-01,0.3317,,,
229,1.22E+01,-2.14E+01,7.46E-01,-0.005,-0.045,-0.999,7.21E-01,0.4154,,,
230,1.18E+01,-2.14E+01,7.53E-01,-0.028,-0.055,-0.998,6.10E-01,0.531,,,
231,1.14E+01,-2.14E+01,7.68E-01,-0.057,-0.069,-0.996,4.64E-01,0.6834,,,
232,1.12E+01,-2.14E+01,7.86E-01,-0.099,-0.09,-0.991,2.91E-01,0.7636,,,
233,1.10E+01,-2.14E+01,8.10E-01,-0.387,-0.233,-0.892,1.10E-01,-1.3533,,,
234,1.10E+01,-2.14E+01,8.66E-01,-0.739,-0.358,0.571,1.74E-01,-7.7052,,,
235,1.12E+01,-2.14E+01,9.45E-01,-0.344,-0.144,0.928,3.12E-01,-4.1179,,,
236,1.14E+01,-2.14E+01,1.01E+00,-0.173,-0.057,0.983,4.71E-01,-2.1819,,,
237,1.18E+01,-2.14E+01,1.06E+00,-0.097,-0.02,0.995,6.12E-01,-1.4381,,,
238,1.22E+01,-2.14E+01,1.09E+00,-0.051,0.002,0.999,7.22E-01,-1.0835,,,
239,1.27E+01,-2.14E+01,1.10E+00,-0.013,0.018,1,7.90E-01,-0.8801,,,
240,1.33E+01,-2.14E+01,1.10E+00,0.027,0.035,0.999,8.14E-01,-0.7374,,,
241,1.38E+01,-2.14E+01,1.07E+00,0.075,0.053,0.996,7.93E-01,-0.5999,,,
242,1.43E+01,-2.14E+01,1.02E+00,0.125,0.07,0.99,7.27E-01,-0.4376,,,
243,1.47E+01,-2.14E+01,9.59E-01,0.155,0.08,0.985,6.18E-01,-0.2878,,,
244,1.51E+01,-2.14E+01,8.98E-01,0.181,0.087,0.98,4.71E-01,-0.1606,,,
245,1.53E+01,-2.14E+01,8.50E-01,0.204,0.094,0.974,2.96E-01,-0.0799,,,
246,1.55E+01,-2.14E+01,8.17E-01,0.364,0.136,0.921,1.06E-01,0.0961,,,
Strip 10,,,,,,,,,,,
247,1.50E+01,-1.99E+01,7.44E-01,-0.054,-0.054,-0.997,1.17E-01,0.0928,,,
248,1.49E+01,-1.99E+01,7.61E-01,-0.147,-0.08,-0.986,3.47E-01,0.2544,,,
249,1.46E+01,-1.99E+01,7.86E-01,-0.053,-0.053,-0.997,5.49E-01,0.3349,,,
250,1.42E+01,-1.99E+01,7.89E-01,0.026,-0.029,-0.999,7.23E-01,0.3269,,,
251,1.38E+01,-1.99E+01,7.66E-01,0.067,-0.015,-0.998,8.56E-01,0.2912,,,
252,1.32E+01,-1.99E+01,7.27E-01,0.072,-0.014,-0.997,9.40E-01,0.2616,,,
253,1.26E+01,-1.99E+01,6.96E-01,0.037,-0.027,-0.999,9.66E-01,0.2746,,,
254,1.21E+01,-1.99E+01,6.82E-01,0.013,-0.037,-0.999,9.37E-01,0.3307,,,
255,1.15E+01,-1.99E+01,6.79E-01,-0.005,-0.045,-0.999,8.55E-01,0.4131,,,
256,1.10E+01,-1.99E+01,6.87E-01,-0.028,-0.055,-0.998,7.23E-01,0.5274,,,
257,1.07E+01,-1.99E+01,7.02E-01,-0.057,-0.069,-0.996,5.50E-01,0.6798,,,
258,1.04E+01,-1.99E+01,7.22E-01,-0.099,-0.09,-0.991,3.45E-01,0.7687,,,
259,1.02E+01,-1.99E+01,7.48E-01,-0.387,-0.233,-0.892,1.30E-01,-1.2422,,,
260,1.02E+01,-1.99E+01,8.10E-01,-0.74,-0.358,0.57,2.06E-01,-7.4936,,,
261,1.04E+01,-1.99E+01,8.95E-01,-0.344,-0.144,0.928,3.70E-01,-4.0431,,,
262,1.07E+01,-1.99E+01,9.63E-01,-0.173,-0.057,0.983,5.58E-01,-2.15,,,
263,1.10E+01,-1.99E+01,1.01E+00,-0.097,-0.02,0.995,7.26E-01,-1.4208,,,
264,1.15E+01,-1.99E+01,1.05E+00,-0.051,0.002,0.999,8.55E-01,-1.073,,,
265,1.21E+01,-1.99E+01,1.07E+00,-0.013,0.018,1,9.37E-01,-0.8736,,,
266,1.26E+01,-1.99E+01,1.06E+00,0.027,0.035,0.999,9.65E-01,-0.7334,,,
267,1.32E+01,-1.99E+01,1.03E+00,0.075,0.053,0.996,9.40E-01,-0.5974,,,
268,1.38E+01,-1.99E+01,9.77E-01,0.125,0.07,0.99,8.62E-01,-0.4362,,,
269,1.42E+01,-1.99E+01,9.09E-01,0.155,0.08,0.985,7.33E-01,-0.2869,,,
270,1.46E+01,-1.99E+01,8.44E-01,0.181,0.087,0.98,5.59E-01,-0.16,,,
271,1.49E+01,-1.99E+01,7.92E-01,0.204,0.094,0.974,3.51E-01,-0.0793,,,
272,1.50E+01,-1.99E+01,7.56E-01,0.364,0.136,0.921,1.26E-01,0.0962,,,
Strip 11,,,,,,,,,,,
273,1.46E+01,-1.82E+01,6.77E-01,-0.054,-0.054,-0.997,1.36E-01,0.0932,,,
274,1.44E+01,-1.82E+01,6.96E-01,-0.147,-0.08,-0.986,4.06E-01,0.2551,,,
275,1.41E+01,-1.82E+01,7.22E-01,-0.053,-0.053,-0.997,6.42E-01,0.3357,,,
276,1.37E+01,-1.82E+01,7.25E-01,0.026,-0.029,-0.999,8.45E-01,0.3274,,,
277,1.32E+01,-1.82E+01,7.00E-01,0.067,-0.015,-0.998,1.00E+00,0.2911,,,
278,1.26E+01,-1.82E+01,6.59E-01,0.072,-0.014,-0.997,1.10E+00,0.2604,,,
279,1.20E+01,-1.82E+01,6.25E-01,0.037,-0.027,-0.999,1.13E+00,0.2721,,,
280,1.13E+01,-1.82E+01,6.09E-01,0.013,-0.037,-0.999,1.10E+00,0.3268,,,
281,1.07E+01,-1.82E+01,6.07E-01,-0.005,-0.045,-0.999,1.00E+00,0.4078,,,
282,1.02E+01,-1.82E+01,6.15E-01,-0.028,-0.055,-0.998,8.46E-01,0.5209,,,
283,9.81E+00,-1.82E+01,6.32E-01,-0.057,-0.069,-0.996,6.43E-01,0.6735,,,
284,9.51E+00,-1.82E+01,6.53E-01,-0.099,-0.09,-0.991,4.03E-01,0.7741,,,
285,9.36E+00,-1.82E+01,6.81E-01,-0.387,-0.233,-0.892,1.52E-01,-1.0978,,,
286,9.36E+00,-1.82E+01,7.48E-01,-0.74,-0.358,0.569,2.41E-01,-7.2072,,,
287,9.51E+00,-1.82E+01,8.40E-01,-0.344,-0.144,0.928,4.32E-01,-3.9394,,,
288,9.81E+00,-1.82E+01,9.14E-01,-0.173,-0.057,0.983,6.52E-01,-2.1048,,,
289,1.02E+01,-1.82E+01,9.69E-01,-0.097,-0.02,0.995,8.49E-01,-1.3951,,,
290,1.07E+01,-1.82E+01,1.01E+00,-0.051,0.002,0.999,1.00E+00,-1.0563,,,
291,1.13E+01,-1.82E+01,1.03E+00,-0.013,0.018,1,1.10E+00,-0.862,,,
292,1.20E+01,-1.82E+01,1.02E+00,0.027,0.035,0.999,1.13E+00,-0.7252,,,
293,1.26E+01,-1.82E+01,9.88E-01,0.075,0.053,0.996,1.10E+00,-0.5917,,,
294,1.32E+01,-1.82E+01,9.29E-01,0.125,0.07,0.99,1.01E+00,-0.4323,,,
295,1.37E+01,-1.82E+01,8.56E-01,0.155,0.08,0.985,8.57E-01,-0.2843,,,
296,1.41E+01,-1.82E+01,7.85E-01,0.181,0.087,0.98,6.54E-01,-0.1584,,,
297,1.44E+01,-1.82E+01,7.28E-01,0.204,0.094,0.974,4.10E-01,-0.0784,,,
298,1.46E+01,-1.82E+01,6.90E-01,0.364,0.136,0.922,1.47E-01,0.0963,,,
Strip 12,,,,,,,,,,,
299,1.41E+01,-1.63E+01,6.05E-01,-0.054,-0.054,-0.997,1.58E-01,0.0931,,,
300,1.39E+01,-1.63E+01,6.25E-01,-0.147,-0.08,-0.986,4.68E-01,0.2552,,,
301,1.36E+01,-1.63E+01,6.54E-01,-0.053,-0.053,-0.997,7.42E-01,0.3357,,,
302,1.31E+01,-1.63E+01,6.57E-01,0.026,-0.029,-0.999,9.76E-01,0.327,,,
303,1.26E+01,-1.63E+01,6.30E-01,0.067,-0.015,-0.998,1.16E+00,0.2898,,,
304,1.19E+01,-1.63E+01,5.85E-01,0.072,-0.014,-0.997,1.27E+00,0.2576,,,
305,1.12E+01,-1.63E+01,5.48E-01,0.037,-0.027,-0.999,1.30E+00,0.2677,,,
306,1.06E+01,-1.63E+01,5.31E-01,0.013,-0.037,-0.999,1.27E+00,0.3209,,,
307,9.92E+00,-1.63E+01,5.29E-01,-0.005,-0.045,-0.999,1.16E+00,0.4002,,,
308,9.36E+00,-1.63E+01,5.38E-01,-0.028,-0.055,-0.998,9.77E-01,0.5119,,,
309,8.91E+00,-1.63E+01,5.56E-01,-0.057,-0.069,-0.996,7.43E-01,0.6649,,,
310,8.59E+00,-1.63E+01,5.79E-01,-0.099,-0.09,-0.991,4.66E-01,0.7792,,,
311,8.42E+00,-1.63E+01,6.09E-01,-0.387,-0.233,-0.892,1.76E-01,-0.9298,,,
312,8.42E+00,-1.63E+01,6.82E-01,-0.74,-0.358,0.569,2.78E-01,-6.8621,,,
313,8.59E+00,-1.63E+01,7.81E-01,-0.344,-0.144,0.928,4.99E-01,-3.812,,,
314,8.91E+00,-1.63E+01,8.61E-01,-0.173,-0.057,0.983,7.53E-01,-2.0488,,,
315,9.36E+00,-1.63E+01,9.21E-01,-0.097,-0.02,0.995,9.80E-01,-1.3627,,,
316,9.92E+00,-1.63E+01,9.62E-01,-0.051,0.002,0.999,1.16E+00,-1.0347,,,
317,1.06E+01,-1.63E+01,9.81E-01,-0.013,0.018,1,1.27E+00,-0.8466,,,
318,1.12E+01,-1.63E+01,9.76E-01,0.027,0.035,0.999,1.30E+00,-0.7139,,,
319,1.19E+01,-1.63E+01,9.41E-01,0.075,0.053,0.996,1.27E+00,-0.5836,,,
320,1.26E+01,-1.63E+01,8.78E-01,0.125,0.07,0.99,1.17E+00,-0.4266,,,
321,1.31E+01,-1.63E+01,7.99E-01,0.155,0.08,0.985,9.90E-01,-0.2806,,,
322,1.36E+01,-1.63E+01,7.22E-01,0.181,0.087,0.98,7.55E-01,-0.1562,,,
323,1.39E+01,-1.63E+01,6.61E-01,0.204,0.094,0.974,4.74E-01,-0.0774,,,
324,1.41E+01,-1.63E+01,6.19E-01,0.364,0.136,0.922,1.70E-01,0.0962,,,
Strip 13,,,,,,,,,,,
325,1.35E+01,-1.44E+01,5.28E-01,-0.054,-0.054,-0.997,1.80E-01,0.0927,,,
326,1.33E+01,-1.44E+01,5.50E-01,-0.147,-0.08,-0.986,5.35E-01,0.255,,,
327,1.30E+01,-1.44E+01,5.81E-01,-0.053,-0.053,-0.997,8.47E-01,0.3352,,,
328,1.25E+01,-1.44E+01,5.85E-01,0.026,-0.029,-0.999,1.11E+00,0.3259,,,
329,1.19E+01,-1.44E+01,5.55E-01,0.067,-0.015,-0.998,1.32E+00,0.2875,,,
330,1.12E+01,-1.44E+01,5.07E-01,0.072,-0.014,-0.997,1.45E+00,0.2537,,,
331,1.05E+01,-1.44E+01,4.67E-01,0.037,-0.027,-0.999,1.49E+00,0.2619,,,
332,9.74E+00,-1.44E+01,4.49E-01,0.013,-0.037,-0.999,1.45E+00,0.3133,,,
333,9.05E+00,-1.44E+01,4.46E-01,-0.005,-0.045,-0.999,1.32E+00,0.3908,,,
334,8.44E+00,-1.44E+01,4.56E-01,-0.028,-0.055,-0.998,1.12E+00,0.5008,,,
335,7.95E+00,-1.44E+01,4.75E-01,-0.057,-0.069,-0.996,8.48E-01,0.654,,,
336,7.61E+00,-1.44E+01,5.01E-01,-0.099,-0.09,-0.991,5.32E-01,0.7832,,,
337,7.43E+00,-1.44E+01,5.33E-01,-0.387,-0.233,-0.892,2.00E-01,-0.7446,,,
338,7.43E+00,-1.44E+01,6.11E-01,-0.741,-0.358,0.568,3.17E-01,-6.4678,,,
339,7.61E+00,-1.44E+01,7.19E-01,-0.345,-0.144,0.928,5.69E-01,-3.6643,,,
340,7.95E+00,-1.44E+01,8.06E-01,-0.173,-0.057,0.983,8.60E-01,-1.9835,,,
341,8.44E+00,-1.44E+01,8.70E-01,-0.097,-0.02,0.995,1.12E+00,-1.3246,,,
342,9.05E+00,-1.44E+01,9.14E-01,-0.051,0.002,0.999,1.32E+00,-1.0091,,,
343,9.74E+00,-1.44E+01,9.36E-01,-0.013,0.018,1,1.44E+00,-0.8281,,,
344,1.05E+01,-1.44E+01,9.30E-01,0.027,0.035,0.999,1.49E+00,-0.7002,,,
345,1.12E+01,-1.44E+01,8.92E-01,0.075,0.053,0.996,1.45E+00,-0.5735,,,
346,1.19E+01,-1.44E+01,8.24E-01,0.125,0.07,0.99,1.33E+00,-0.4196,,,
347,1.25E+01,-1.44E+01,7.38E-01,0.155,0.08,0.985,1.13E+00,-0.276,,,
348,1.30E+01,-1.44E+01,6.55E-01,0.18,0.087,0.98,8.62E-01,-0.1534,,,
349,1.33E+01,-1.44E+01,5.89E-01,0.204,0.094,0.974,5.41E-01,-0.0762,,,
350,1.35E+01,-1.44E+01,5.43E-01,0.363,0.136,0.922,1.94E-01,0.0961,,,
Strip 14,,,,,,,,,,,
351,1.30E+01,-1.23E+01,4.48E-01,-0.054,-0.054,-0.997,2.03E-01,0.0921,,,
352,1.28E+01,-1.23E+01,4.72E-01,-0.147,-0.08,-0.986,6.03E-01,0.2544,,,
353,1.24E+01,-1.23E+01,5.05E-01,-0.053,-0.053,-0.997,9.56E-01,0.3344,,,
354,1.19E+01,-1.23E+01,5.09E-01,0.026,-0.029,-0.999,1.26E+00,0.3243,,,
355,1.12E+01,-1.23E+01,4.77E-01,0.067,-0.015,-0.998,1.49E+00,0.2846,,,
356,1.05E+01,-1.23E+01,4.25E-01,0.072,-0.014,-0.997,1.63E+00,0.2488,,,
357,9.67E+00,-1.23E+01,3.82E-01,0.037,-0.027,-0.999,1.68E+00,0.2548,,,
358,8.88E+00,-1.23E+01,3.62E-01,0.013,-0.037,-0.999,1.63E+00,0.3042,,,
359,8.13E+00,-1.23E+01,3.59E-01,-0.005,-0.045,-0.999,1.49E+00,0.3794,,,
360,7.48E+00,-1.23E+01,3.69E-01,-0.028,-0.055,-0.998,1.26E+00,0.4874,,,
361,6.95E+00,-1.23E+01,3.91E-01,-0.057,-0.069,-0.996,9.57E-01,0.6407,,,
362,6.58E+00,-1.23E+01,4.18E-01,-0.099,-0.09,-0.991,6.00E-01,0.7854,,,
363,6.38E+00,-1.23E+01,4.53E-01,-0.386,-0.233,-0.892,2.26E-01,-0.5461,,,
364,6.38E+00,-1.23E+01,5.38E-01,-0.741,-0.359,0.568,3.58E-01,-6.0281,,,
365,6.58E+00,-1.23E+01,6.54E-01,-0.345,-0.144,0.928,6.42E-01,-3.4969,,,
366,6.95E+00,-1.23E+01,7.47E-01,-0.173,-0.057,0.983,9.70E-01,-1.9091,,,
367,7.48E+00,-1.23E+01,8.17E-01,-0.097,-0.02,0.995,1.26E+00,-1.281,,,
368,8.13E+00,-1.23E+01,8.64E-01,-0.051,0.002,0.999,1.49E+00,-0.9797,,,
369,8.88E+00,-1.23E+01,8.87E-01,-0.013,0.018,1,1.63E+00,-0.8069,,,
370,9.67E+00,-1.23E+01,8.81E-01,0.027,0.035,0.999,1.68E+00,-0.6844,,,
371,1.05E+01,-1.23E+01,8.41E-01,0.075,0.053,0.996,1.64E+00,-0.562,,,
372,1.12E+01,-1.23E+01,7.66E-01,0.125,0.07,0.99,1.50E+00,-0.4116,,,
373,1.19E+01,-1.23E+01,6.74E-01,0.155,0.08,0.985,1.28E+00,-0.2707,,,
374,1.24E+01,-1.23E+01,5.85E-01,0.18,0.087,0.98,9.72E-01,-0.1503,,,
375,1.28E+01,-1.23E+01,5.13E-01,0.204,0.094,0.974,6.10E-01,-0.0749,,,
376,1.30E+01,-1.23E+01,4.64E-01,0.363,0.136,0.922,2.19E-01,0.0959,,,
Strip 15,,,,,,,,,,,
377,1.24E+01,-1.02E+01,3.64E-01,-0.054,-0.054,-0.997,2.26E-01,0.0912,,,
378,1.22E+01,-1.02E+01,3.90E-01,-0.147,-0.08,-0.986,6.73E-01,0.2537,,,
379,1.18E+01,-1.02E+01,4.25E-01,-0.053,-0.053,-0.997,1.07E+00,0.3333,,,
380,1.12E+01,-1.02E+01,4.30E-01,0.026,-0.029,-0.999,1.40E+00,0.3224,,,
381,1.05E+01,-1.02E+01,3.96E-01,0.067,-0.015,-0.998,1.66E+00,0.2812,,,
382,9.68E+00,-1.02E+01,3.40E-01,0.072,-0.014,-0.997,1.82E+00,0.2431,,,
383,8.83E+00,-1.02E+01,2.94E-01,0.037,-0.027,-0.999,1.87E+00,0.2467,,,
384,7.98E+00,-1.02E+01,2.72E-01,0.013,-0.037,-0.999,1.82E+00,0.2936,,,
385,7.18E+00,-1.02E+01,2.69E-01,-0.005,-0.045,-0.999,1.66E+00,0.3663,,,
386,6.47E+00,-1.02E+01,2.80E-01,-0.028,-0.055,-0.998,1.40E+00,0.4718,,,
387,5.90E+00,-1.02E+01,3.03E-01,-0.057,-0.069,-0.996,1.07E+00,0.6244,,,
388,5.50E+00,-1.02E+01,3.32E-01,-0.099,-0.09,-0.991,6.70E-01,0.7849,,,
389,5.30E+00,-1.02E+01,3.70E-01,-0.386,-0.233,-0.893,2.53E-01,-0.3363,,,
390,5.30E+00,-1.02E+01,4.61E-01,-0.741,-0.359,0.567,3.99E-01,-5.5406,,,
391,5.50E+00,-1.02E+01,5.86E-01,-0.345,-0.144,0.928,7.16E-01,-3.308,,,
392,5.90E+00,-1.02E+01,6.86E-01,-0.173,-0.057,0.983,1.08E+00,-1.8248,,,
393,6.47E+00,-1.02E+01,7.61E-01,-0.097,-0.02,0.995,1.41E+00,-1.2317,,,
394,7.18E+00,-1.02E+01,8.12E-01,-0.051,0.002,0.999,1.66E+00,-0.9465,,,
395,7.98E+00,-1.02E+01,8.37E-01,-0.013,0.018,1,1.82E+00,-0.783,,,
396,8.83E+00,-1.02E+01,8.31E-01,0.027,0.035,0.999,1.87E+00,-0.6669,,,
397,9.68E+00,-1.02E+01,7.87E-01,0.075,0.053,0.996,1.83E+00,-0.5492,,,
398,1.05E+01,-1.02E+01,7.07E-01,0.125,0.07,0.99,1.67E+00,-0.4028,,,
399,1.12E+01,-1.02E+01,6.08E-01,0.155,0.08,0.985,1.42E+00,-0.265,,,
400,1.18E+01,-1.02E+01,5.12E-01,0.18,0.087,0.98,1.09E+00,-0.1471,,,
401,1.22E+01,-1.02E+01,4.34E-01,0.204,0.094,0.974,6.81E-01,-0.0738,,,
402,1.24E+01,-1.02E+01,3.82E-01,0.363,0.136,0.922,2.45E-01,0.0952,,,
Strip 16,,,,,,,,,,,
403,1.18E+01,-8.02E+00,2.78E-01,-0.054,-0.054,-0.997,2.50E-01,0.0898,,,
404,1.15E+01,-8.02E+00,3.05E-01,-0.147,-0.08,-0.986,7.43E-01,0.2528,,,
405,1.11E+01,-8.02E+00,3.43E-01,-0.053,-0.053,-0.997,1.18E+00,0.3321,,,
406,1.05E+01,-8.02E+00,3.48E-01,0.026,-0.029,-0.999,1.55E+00,0.3203,,,
407,9.74E+00,-8.02E+00,3.12E-01,0.067,-0.015,-0.998,1.83E+00,0.2774,,,
408,8.88E+00,-8.02E+00,2.51E-01,0.072,-0.014,-0.997,2.01E+00,0.2367,,,
409,7.97E+00,-8.02E+00,2.02E-01,0.037,-0.027,-0.999,2.07E+00,0.2374,,,
410,7.05E+00,-8.02E+00,1.79E-01,0.013,-0.037,-0.999,2.01E+00,0.2816,,,
411,6.19E+00,-8.02E+00,1.75E-01,-0.005,-0.045,-0.999,1.83E+00,0.3511,,,
412,5.43E+00,-8.02E+00,1.87E-01,-0.028,-0.055,-0.998,1.55E+00,0.4533,,,
413,4.82E+00,-8.02E+00,2.12E-01,-0.057,-0.069,-0.996,1.18E+00,0.6045,,,
414,4.39E+00,-8.02E+00,2.43E-01,-0.099,-0.09,-0.991,7.39E-01,0.7803,,,
415,4.17E+00,-8.02E+00,2.84E-01,-0.386,-0.233,-0.893,2.79E-01,-0.1153,,,
416,4.17E+00,-8.02E+00,3.81E-01,-0.741,-0.359,0.567,4.41E-01,-4.9958,,,
417,4.39E+00,-8.02E+00,5.16E-01,-0.345,-0.144,0.927,7.91E-01,-3.0924,,,
418,4.82E+00,-8.02E+00,6.23E-01,-0.173,-0.057,0.983,1.19E+00,-1.7282,,,
419,5.43E+00,-8.02E+00,7.04E-01,-0.097,-0.02,0.995,1.55E+00,-1.1755,,,
420,6.19E+00,-8.02E+00,7.59E-01,-0.051,0.002,0.999,1.83E+00,-0.9092,,,
421,7.05E+00,-8.02E+00,7.85E-01,-0.013,0.018,1,2.01E+00,-0.7567,,,
422,7.97E+00,-8.02E+00,7.78E-01,0.027,0.035,0.999,2.07E+00,-0.6481,,,
423,8.88E+00,-8.02E+00,7.31E-01,0.075,0.053,0.996,2.01E+00,-0.536,,,
424,9.74E+00,-8.02E+00,6.46E-01,0.125,0.07,0.99,1.85E+00,-0.3939,,,
425,1.05E+01,-8.02E+00,5.39E-01,0.155,0.08,0.985,1.57E+00,-0.2594,,,
426,1.11E+01,-8.02E+00,4.36E-01,0.18,0.087,0.98,1.20E+00,-0.144,,,
427,1.15E+01,-8.02E+00,3.53E-01,0.204,0.094,0.974,7.52E-01,-0.0729,,,
428,1.18E+01,-8.02E+00,2.97E-01,0.363,0.136,0.922,2.70E-01,0.0943,,,
Strip 17,,,,,,,,,,,
429,1.11E+01,-5.77E+00,1.89E-01,-0.054,-0.054,-0.997,2.73E-01,0.0882,,,
430,1.09E+01,-5.77E+00,2.18E-01,-0.147,-0.08,-0.986,8.12E-01,0.2517,,,
431,1.04E+01,-5.77E+00,2.59E-01,-0.053,-0.053,-0.997,1.29E+00,0.331,,,
432,9.79E+00,-5.77E+00,2.65E-01,0.026,-0.029,-0.999,1.69E+00,0.3183,,,
433,8.98E+00,-5.77E+00,2.25E-01,0.067,-0.015,-0.998,2.00E+00,0.2735,,,
434,8.06E+00,-5.77E+00,1.61E-01,0.072,-0.014,-0.997,2.20E+00,0.23,,,
435,7.08E+00,-5.77E+00,1.08E-01,0.037,-0.027,-0.999,2.26E+00,0.2274,,,
436,6.10E+00,-5.77E+00,8.34E-02,0.013,-0.037,-0.999,2.19E+00,0.2682,,,
437,5.18E+00,-5.77E+00,7.95E-02,-0.005,-0.045,-0.999,2.00E+00,0.3339,,,
438,4.37E+00,-5.77E+00,9.22E-02,-0.028,-0.055,-0.998,1.69E+00,0.4316,,,
439,3.71E+00,-5.77E+00,1.19E-01,-0.057,-0.069,-0.996,1.29E+00,0.5797,,,
440,3.26E+00,-5.77E+00,1.52E-01,-0.099,-0.09,-0.991,8.08E-01,0.7697,,,
441,3.02E+00,-5.77E+00,1.96E-01,-0.386,-0.233,-0.893,3.05E-01,0.1193,,,
442,3.02E+00,-5.77E+00,3.00E-01,-0.742,-0.359,0.567,4.81E-01,-4.3704,,,
443,3.26E+00,-5.77E+00,4.44E-01,-0.345,-0.145,0.927,8.64E-01,-2.8374,,,
444,3.71E+00,-5.77E+00,5.59E-01,-0.173,-0.057,0.983,1.30E+00,-1.6133,,,
445,4.37E+00,-5.76E+00,6.45E-01,-0.097,-0.02,0.995,1.70E+00,-1.1094,,,
446,5.18E+00,-5.76E+00,7.04E-01,-0.051,0.002,0.999,2.00E+00,-0.8668,,,
447,6.10E+00,-5.76E+00,7.32E-01,-0.013,0.018,1,2.19E+00,-0.7284,,,
448,7.08E+00,-5.76E+00,7.25E-01,0.027,0.035,0.999,2.26E+00,-0.6292,,,
449,8.06E+00,-5.76E+00,6.75E-01,0.075,0.053,0.996,2.20E+00,-0.5238,,,
450,8.98E+00,-5.77E+00,5.83E-01,0.125,0.07,0.99,2.02E+00,-0.3865,,,
451,9.79E+00,-5.77E+00,4.69E-01,0.155,0.08,0.985,1.72E+00,-0.2552,,,
452,1.04E+01,-5.77E+00,3.59E-01,0.18,0.087,0.98,1.31E+00,-0.1421,,,
453,1.09E+01,-5.77E+00,2.70E-01,0.204,0.094,0.974,8.21E-01,-0.0729,,,
454,1.11E+01,-5.77E+00,2.09E-01,0.363,0.136,0.922,2.95E-01,0.0925,,,
Strip 18,,,,,,,,,,,
455,1.05E+01,-3.48E+00,9.87E-02,-0.054,-0.054,-0.997,2.95E-01,0.0863,,,
456,1.03E+01,-3.48E+00,1.30E-01,-0.147,-0.08,-0.986,8.78E-01,0.2507,,,
457,9.76E+00,-3.48E+00,1.74E-01,-0.053,-0.053,-0.997,1.39E+00,0.3301,,,
458,9.07E+00,-3.48E+00,1.80E-01,0.026,-0.029,-0.999,1.83E+00,0.3165,,,
459,8.20E+00,-3.48E+00,1.38E-01,0.067,-0.015,-0.998,2.17E+00,0.2697,,,
460,7.22E+00,-3.48E+00,6.90E-02,0.072,-0.014,-0.997,2.38E+00,0.2232,,,
461,6.18E+00,-3.48E+00,1.25E-02,0.037,-0.027,-0.999,2.44E+00,0.2174,,,
462,5.13E+00,-3.48E+00,-1.37E-02,0.013,-0.037,-0.999,2.37E+00,0.2545,,,
463,4.15E+00,-3.48E+00,-1.79E-02,-0.005,-0.045,-0.999,2.16E+00,0.3153,,,
464,3.29E+00,-3.48E+00,-4.38E-03,-0.028,-0.055,-0.998,1.83E+00,0.4067,,,
465,2.59E+00,-3.48E+00,2.39E-02,-0.057,-0.069,-0.996,1.39E+00,0.5488,,,
466,2.10E+00,-3.48E+00,5.97E-02,-0.099,-0.09,-0.991,8.73E-01,0.7499,,,
467,1.85E+00,-3.48E+00,1.06E-01,-0.386,-0.233,-0.893,3.30E-01,0.3744,,,
468,1.85E+00,-3.48E+00,2.17E-01,-0.742,-0.359,0.566,5.20E-01,-3.6115,,,
469,2.10E+00,-3.48E+00,3.71E-01,-0.345,-0.145,0.927,9.34E-01,-2.513,,,
470,2.59E+00,-3.48E+00,4.93E-01,-0.173,-0.057,0.983,1.41E+00,-1.4655,,,
471,3.29E+00,-3.47E+00,5.85E-01,-0.097,-0.02,0.995,1.84E+00,-1.0266,,,
472,4.15E+00,-3.47E+00,6.48E-01,-0.051,0.002,0.999,2.16E+00,-0.8171,,,
473,5.13E+00,-3.47E+00,6.78E-01,-0.013,0.018,1,2.37E+00,-0.6992,,,
474,6.18E+00,-3.47E+00,6.70E-01,0.027,0.035,0.999,2.44E+00,-0.6136,,,
475,7.22E+00,-3.47E+00,6.17E-01,0.075,0.053,0.996,2.38E+00,-0.5171,,,
476,8.20E+00,-3.48E+00,5.19E-01,0.125,0.07,0.99,2.18E+00,-0.385,,,
477,9.07E+00,-3.48E+00,3.97E-01,0.155,0.08,0.985,1.86E+00,-0.256,,,
478,9.76E+00,-3.48E+00,2.80E-01,0.18,0.087,0.98,1.42E+00,-0.1439,,,
479,1.03E+01,-3.48E+00,1.85E-01,0.204,0.094,0.974,8.88E-01,-0.0753,,,
480,1.05E+01,-3.48E+00,1.20E-01,0.363,0.136,0.922,3.19E-01,0.0892,,,
Strip 19,,,,,,,,,,,
481,9.86E+00,-1.16E+00,7.66E-03,-0.054,-0.054,-0.997,3.16E-01,0.0849,,,
482,9.59E+00,-1.16E+00,4.10E-02,-0.147,-0.08,-0.986,9.40E-01,0.2506,,,
483,9.08E+00,-1.16E+00,8.76E-02,-0.053,-0.053,-0.997,1.49E+00,0.3299,,,
484,8.33E+00,-1.16E+00,9.35E-02,0.026,-0.029,-0.999,1.96E+00,0.3135,,,
485,7.42E+00,-1.16E+00,4.90E-02,0.067,-0.015,-0.998,2.32E+00,0.2632,,,
486,6.37E+00,-1.16E+00,-2.39E-02,0.072,-0.014,-0.997,2.54E+00,0.2148,,,
487,5.26E+00,-1.16E+00,-8.40E-02,0.037,-0.027,-0.999,2.62E+00,0.2096,,,
488,4.15E+00,-1.16E+00,-1.12E-01,0.013,-0.037,-0.999,2.54E+00,0.2473,,,
489,3.11E+00,-1.16E+00,-1.16E-01,-0.005,-0.045,-0.999,2.32E+00,0.305,,,
490,2.19E+00,-1.16E+00,-1.02E-01,-0.028,-0.055,-0.998,1.96E+00,0.3908,,,
491,1.45E+00,-1.16E+00,-7.19E-02,-0.057,-0.069,-0.996,1.49E+00,0.5229,,,
492,9.31E-01,-1.16E+00,-3.39E-02,-0.099,-0.09,-0.991,9.35E-01,0.7173,,,
493,6.64E-01,-1.16E+00,1.53E-02,-0.386,-0.232,-0.893,3.53E-01,0.6388,,,
494,6.64E-01,-1.16E+00,1.34E-01,-0.742,-0.359,0.566,5.56E-01,-2.5584,,,
495,9.31E-01,-1.16E+00,2.97E-01,-0.345,-0.145,0.927,9.99E-01,-2.0005,,,
496,1.45E+00,-1.16E+00,4.27E-01,-0.173,-0.057,0.983,1.51E+00,-1.2192,,,
497,2.19E+00,-1.16E+00,5.25E-01,-0.097,-0.02,0.995,1.97E+00,-0.9003,,,
498,3.11E+00,-1.16E+00,5.91E-01,-0.051,0.002,0.999,2.32E+00,-0.756,,,
499,4.15E+00,-1.16E+00,6.23E-01,-0.013,0.018,1,2.54E+00,-0.672,,,
500,5.26E+00,-1.16E+00,6.15E-01,0.027,0.035,0.999,2.61E+00,-0.6095,,,
501,6.37E+00,-1.16E+00,5.58E-01,0.075,0.053,0.996,2.55E+00,-0.5286,,,
502,7.42E+00,-1.16E+00,4.54E-01,0.125,0.07,0.99,2.34E+00,-0.404,,,
503,8.33E+00,-1.16E+00,3.25E-01,0.155,0.08,0.985,1.99E+00,-0.2749,,,
504,9.08E+00,-1.16E+00,2.00E-01,0.18,0.087,0.98,1.52E+00,-0.1587,,,
505,9.59E+00,-1.16E+00,9.92E-02,0.204,0.094,0.974,9.51E-01,-0.085,,,
506,9.86E+00,-1.16E+00,3.07E-02,0.363,0.136,0.922,3.42E-01,0.0806,,,
Strip 20,,,,,,,,,,,
507,9.86E+00,1.16E+00,7.66E-03,-0.054,0.054,-0.997,3.16E-01,0.0849,,,
508,9.59E+00,1.16E+00,4.10E-02,-0.147,0.08,-0.986,9.40E-01,0.2506,,,
509,9.08E+00,1.16E+00,8.76E-02,-0.053,0.053,-0.997,1.49E+00,0.3299,,,
510,8.33E+00,1.16E+00,9.35E-02,0.026,0.029,-0.999,1.96E+00,0.3135,,,
511,7.42E+00,1.16E+00,4.90E-02,0.067,0.015,-0.998,2.32E+00,0.2632,,,
512,6.37E+00,1.16E+00,-2.39E-02,0.072,0.014,-0.997,2.54E+00,0.2148,,,
513,5.26E+00,1.16E+00,-8.40E-02,0.037,0.027,-0.999,2.62E+00,0.2096,,,
514,4.15E+00,1.16E+00,-1.12E-01,0.013,0.037,-0.999,2.54E+00,0.2473,,,
515,3.11E+00,1.16E+00,-1.16E-01,-0.005,0.045,-0.999,2.32E+00,0.305,,,
516,2.19E+00,1.16E+00,-1.02E-01,-0.028,0.055,-0.998,1.96E+00,0.3908,,,
517,1.45E+00,1.16E+00,-7.19E-02,-0.057,0.069,-0.996,1.49E+00,0.5229,,,
518,9.31E-01,1.16E+00,-3.39E-02,-0.099,0.09,-0.991,9.35E-01,0.7173,,,
519,6.64E-01,1.16E+00,1.53E-02,-0.386,0.232,-0.893,3.53E-01,0.6388,,,
520,6.64E-01,1.16E+00,1.34E-01,-0.742,0.359,0.566,5.56E-01,-2.5584,,,
521,9.31E-01,1.16E+00,2.97E-01,-0.345,0.145,0.927,9.99E-01,-2.0005,,,
522,1.45E+00,1.16E+00,4.27E-01,-0.173,0.057,0.983,1.51E+00,-1.2192,,,
523,2.19E+00,1.16E+00,5.25E-01,-0.097,0.02,0.995,1.97E+00,-0.9003,,,
524,3.11E+00,1.16E+00,5.91E-01,-0.051,-0.002,0.999,2.32E+00,-0.756,,,
525,4.15E+00,1.16E+00,6.23E-01,-0.013,-0.018,1,2.54E+00,-0.672,,,
526,5.26E+00,1.16E+00,6.15E-01,0.027,-0.035,0.999,2.61E+00,-0.6095,,,
527,6.37E+00,1.16E+00,5.58E-01,0.075,-0.053,0.996,2.55E+00,-0.5286,,,
528,7.42E+00,1.16E+00,4.54E-01,0.125,-0.07,0.99,2.34E+00,-0.404,,,
529,8.33E+00,1.16E+00,3.25E-01,0.155,-0.08,0.985,1.99E+00,-0.2749,,,
530,9.08E+00,1.16E+00,2.00E-01,0.18,-0.087,0.98,1.52E+00,-0.1587,,,
531,9.59E+00,1.16E+00,9.92E-02,0.204,-0.094,0.974,9.51E-01,-0.085,,,
532,9.86E+00,1.16E+00,3.07E-02,0.363,-0.136,0.922,3.42E-01,0.0806,,,
Strip 21,,,,,,,,,,,
533,1.05E+01,3.48E+00,9.87E-02,-0.054,0.054,-0.997,2.95E-01,0.0863,,,
534,1.03E+01,3.48E+00,1.30E-01,-0.147,0.08,-0.986,8.78E-01,0.2507,,,
535,9.76E+00,3.48E+00,1.74E-01,-0.053,0.053,-0.997,1.39E+00,0.3301,,,
536,9.07E+00,3.48E+00,1.80E-01,0.026,0.029,-0.999,1.83E+00,0.3165,,,
537,8.20E+00,3.48E+00,1.38E-01,0.067,0.015,-0.998,2.17E+00,0.2697,,,
538,7.22E+00,3.48E+00,6.90E-02,0.072,0.014,-0.997,2.38E+00,0.2232,,,
539,6.18E+00,3.48E+00,1.25E-02,0.037,0.027,-0.999,2.44E+00,0.2174,,,
540,5.13E+00,3.48E+00,-1.37E-02,0.013,0.037,-0.999,2.37E+00,0.2545,,,
541,4.15E+00,3.48E+00,-1.79E-02,-0.005,0.045,-0.999,2.16E+00,0.3153,,,
542,3.29E+00,3.48E+00,-4.38E-03,-0.028,0.055,-0.998,1.83E+00,0.4067,,,
543,2.59E+00,3.48E+00,2.39E-02,-0.057,0.069,-0.996,1.39E+00,0.5488,,,
544,2.10E+00,3.48E+00,5.97E-02,-0.099,0.09,-0.991,8.73E-01,0.7499,,,
545,1.85E+00,3.48E+00,1.06E-01,-0.386,0.233,-0.893,3.30E-01,0.3744,,,
546,1.85E+00,3.48E+00,2.17E-01,-0.742,0.359,0.566,5.20E-01,-3.6115,,,
547,2.10E+00,3.48E+00,3.71E-01,-0.345,0.145,0.927,9.34E-01,-2.513,,,
548,2.59E+00,3.48E+00,4.93E-01,-0.173,0.057,0.983,1.41E+00,-1.4655,,,
549,3.29E+00,3.47E+00,5.85E-01,-0.097,0.02,0.995,1.84E+00,-1.0266,,,
550,4.15E+00,3.47E+00,6.48E-01,-0.051,-0.002,0.999,2.16E+00,-0.8171,,,
551,5.13E+00,3.47E+00,6.78E-01,-0.013,-0.018,1,2.37E+00,-0.6992,,,
552,6.18E+00,3.47E+00,6.70E-01,0.027,-0.035,0.999,2.44E+00,-0.6136,,,
553,7.22E+00,3.47E+00,6.17E-01,0.075,-0.053,0.996,2.38E+00,-0.5171,,,
554,8.20E+00,3.48E+00,5.19E-01,0.125,-0.07,0.99,2.18E+00,-0.385,,,
555,9.07E+00,3.48E+00,3.97E-01,0.155,-0.08,0.985,1.86E+00,-0.256,,,
556,9.76E+00,3.48E+00,2.80E-01,0.18,-0.087,0.98,1.42E+00,-0.1439,,,
557,1.03E+01,3.48E+00,1.85E-01,0.204,-0.094,0.974,8.88E-01,-0.0753,,,
558,1.05E+01,3.48E+00,1.20E-01,0.363,-0.136,0.922,3.19E-01,0.0892,,,
Strip 22,,,,,,,,,,,
559,1.11E+01,5.77E+00,1.89E-01,-0.054,0.054,-0.997,2.73E-01,0.0882,,,
560,1.09E+01,5.77E+00,2.18E-01,-0.147,0.08,-0.986,8.12E-01,0.2517,,,
561,1.04E+01,5.77E+00,2.59E-01,-0.053,0.053,-0.997,1.29E+00,0.331,,,
562,9.79E+00,5.77E+00,2.65E-01,0.026,0.029,-0.999,1.69E+00,0.3183,,,
563,8.98E+00,5.77E+00,2.25E-01,0.067,0.015,-0.998,2.00E+00,0.2735,,,
564,8.06E+00,5.77E+00,1.61E-01,0.072,0.014,-0.997,2.20E+00,0.23,,,
565,7.08E+00,5.77E+00,1.08E-01,0.037,0.027,-0.999,2.26E+00,0.2274,,,
566,6.10E+00,5.77E+00,8.34E-02,0.013,0.037,-0.999,2.19E+00,0.2682,,,
567,5.18E+00,5.77E+00,7.95E-02,-0.005,0.045,-0.999,2.00E+00,0.3339,,,
568,4.37E+00,5.77E+00,9.22E-02,-0.028,0.055,-0.998,1.69E+00,0.4316,,,
569,3.71E+00,5.77E+00,1.19E-01,-0.057,0.069,-0.996,1.29E+00,0.5797,,,
570,3.26E+00,5.77E+00,1.52E-01,-0.099,0.09,-0.991,8.08E-01,0.7697,,,
571,3.02E+00,5.77E+00,1.96E-01,-0.386,0.233,-0.893,3.05E-01,0.1193,,,
572,3.02E+00,5.77E+00,3.00E-01,-0.742,0.359,0.567,4.81E-01,-4.3704,,,
573,3.26E+00,5.77E+00,4.44E-01,-0.345,0.145,0.927,8.64E-01,-2.8374,,,
574,3.71E+00,5.77E+00,5.59E-01,-0.173,0.057,0.983,1.30E+00,-1.6133,,,
575,4.37E+00,5.76E+00,6.45E-01,-0.097,0.02,0.995,1.70E+00,-1.1094,,,
576,5.18E+00,5.76E+00,7.04E-01,-0.051,-0.002,0.999,2.00E+00,-0.8668,,,
577,6.10E+00,5.76E+00,7.32E-01,-0.013,-0.018,1,2.19E+00,-0.7284,,,
578,7.08E+00,5.76E+00,7.25E-01,0.027,-0.035,0.999,2.26E+00,-0.6292,,,
579,8.06E+00,5.76E+00,6.75E-01,0.075,-0.053,0.996,2.20E+00,-0.5238,,,
580,8.98E+00,5.77E+00,5.83E-01,0.125,-0.07,0.99,2.02E+00,-0.3865,,,
581,9.79E+00,5.77E+00,4.69E-01,0.155,-0.08,0.985,1.72E+00,-0.2552,,,
582,1.04E+01,5.77E+00,3.59E-01,0.18,-0.087,0.98,1.31E+00,-0.1421,,,
583,1.09E+01,5.77E+00,2.70E-01,0.204,-0.094,0.974,8.21E-01,-0.0729,,,
584,1.11E+01,5.77E+00,2.09E-01,0.363,-0.136,0.922,2.95E-01,0.0925,,,
Strip 23,,,,,,,,,,,
585,1.18E+01,8.02E+00,2.78E-01,-0.054,0.054,-0.997,2.50E-01,0.0898,,,
586,1.15E+01,8.02E+00,3.05E-01,-0.147,0.08,-0.986,7.43E-01,0.2528,,,
587,1.11E+01,8.02E+00,3.43E-01,-0.053,0.053,-0.997,1.18E+00,0.3321,,,
588,1.05E+01,8.02E+00,3.48E-01,0.026,0.029,-0.999,1.55E+00,0.3203,,,
589,9.74E+00,8.02E+00,3.12E-01,0.067,0.015,-0.998,1.83E+00,0.2774,,,
590,8.88E+00,8.02E+00,2.51E-01,0.072,0.014,-0.997,2.01E+00,0.2367,,,
591,7.97E+00,8.02E+00,2.02E-01,0.037,0.027,-0.999,2.07E+00,0.2374,,,
592,7.05E+00,8.02E+00,1.79E-01,0.013,0.037,-0.999,2.01E+00,0.2816,,,
593,6.19E+00,8.02E+00,1.75E-01,-0.005,0.045,-0.999,1.83E+00,0.3511,,,
594,5.43E+00,8.02E+00,1.87E-01,-0.028,0.055,-0.998,1.55E+00,0.4533,,,
595,4.82E+00,8.02E+00,2.12E-01,-0.057,0.069,-0.996,1.18E+00,0.6045,,,
596,4.39E+00,8.02E+00,2.43E-01,-0.099,0.09,-0.991,7.39E-01,0.7803,,,
597,4.17E+00,8.02E+00,2.84E-01,-0.386,0.233,-0.893,2.79E-01,-0.1153,,,
598,4.17E+00,8.02E+00,3.81E-01,-0.741,0.359,0.567,4.41E-01,-4.9958,,,
599,4.39E+00,8.02E+00,5.16E-01,-0.345,0.144,0.927,7.91E-01,-3.0924,,,
600,4.82E+00,8.02E+00,6.23E-01,-0.173,0.057,0.983,1.19E+00,-1.7282,,,
601,5.43E+00,8.02E+00,7.04E-01,-0.097,0.02,0.995,1.55E+00,-1.1755,,,
602,6.19E+00,8.02E+00,7.59E-01,-0.051,-0.002,0.999,1.83E+00,-0.9092,,,
603,7.05E+00,8.02E+00,7.85E-01,-0.013,-0.018,1,2.01E+00,-0.7567,,,
604,7.97E+00,8.02E+00,7.78E-01,0.027,-0.035,0.999,2.07E+00,-0.6481,,,
605,8.88E+00,8.02E+00,7.31E-01,0.075,-0.053,0.996,2.01E+00,-0.536,,,
606,9.74E+00,8.02E+00,6.46E-01,0.125,-0.07,0.99,1.85E+00,-0.3939,,,
607,1.05E+01,8.02E+00,5.39E-01,0.155,-0.08,0.985,1.57E+00,-0.2594,,,
608,1.11E+01,8.02E+00,4.36E-01,0.18,-0.087,0.98,1.20E+00,-0.144,,,
609,1.15E+01,8.02E+00,3.53E-01,0.204,-0.094,0.974,7.52E-01,-0.0729,,,
610,1.18E+01,8.02E+00,2.97E-01,0.363,-0.136,0.922,2.70E-01,0.0943,,,
Strip 24,,,,,,,,,,,
611,1.24E+01,1.02E+01,3.64E-01,-0.054,0.054,-0.997,2.26E-01,0.0912,,,
612,1.22E+01,1.02E+01,3.90E-01,-0.147,0.08,-0.986,6.73E-01,0.2537,,,
613,1.18E+01,1.02E+01,4.25E-01,-0.053,0.053,-0.997,1.07E+00,0.3333,,,
614,1.12E+01,1.02E+01,4.30E-01,0.026,0.029,-0.999,1.40E+00,0.3224,,,
615,1.05E+01,1.02E+01,3.96E-01,0.067,0.015,-0.998,1.66E+00,0.2812,,,
616,9.68E+00,1.02E+01,3.40E-01,0.072,0.014,-0.997,1.82E+00,0.2431,,,
617,8.83E+00,1.02E+01,2.94E-01,0.037,0.027,-0.999,1.87E+00,0.2467,,,
618,7.98E+00,1.02E+01,2.72E-01,0.013,0.037,-0.999,1.82E+00,0.2936,,,
619,7.18E+00,1.02E+01,2.69E-01,-0.005,0.045,-0.999,1.66E+00,0.3663,,,
620,6.47E+00,1.02E+01,2.80E-01,-0.028,0.055,-0.998,1.40E+00,0.4718,,,
621,5.90E+00,1.02E+01,3.03E-01,-0.057,0.069,-0.996,1.07E+00,0.6244,,,
622,5.50E+00,1.02E+01,3.32E-01,-0.099,0.09,-0.991,6.70E-01,0.7849,,,
623,5.30E+00,1.02E+01,3.70E-01,-0.386,0.233,-0.893,2.53E-01,-0.3363,,,
624,5.30E+00,1.02E+01,4.61E-01,-0.741,0.359,0.567,3.99E-01,-5.5406,,,
625,5.50E+00,1.02E+01,5.86E-01,-0.345,0.144,0.928,7.16E-01,-3.308,,,
626,5.90E+00,1.02E+01,6.86E-01,-0.173,0.057,0.983,1.08E+00,-1.8248,,,
627,6.47E+00,1.02E+01,7.61E-01,-0.097,0.02,0.995,1.41E+00,-1.2317,,,
628,7.18E+00,1.02E+01,8.12E-01,-0.051,-0.002,0.999,1.66E+00,-0.9465,,,
629,7.98E+00,1.02E+01,8.37E-01,-0.013,-0.018,1,1.82E+00,-0.783,,,
630,8.83E+00,1.02E+01,8.31E-01,0.027,-0.035,0.999,1.87E+00,-0.6669,,,
631,9.68E+00,1.02E+01,7.87E-01,0.075,-0.053,0.996,1.83E+00,-0.5492,,,
632,1.05E+01,1.02E+01,7.07E-01,0.125,-0.07,0.99,1.67E+00,-0.4028,,,
633,1.12E+01,1.02E+01,6.08E-01,0.155,-0.08,0.985,1.42E+00,-0.265,,,
634,1.18E+01,1.02E+01,5.12E-01,0.18,-0.087,0.98,1.09E+00,-0.1471,,,
635,1.22E+01,1.02E+01,4.34E-01,0.204,-0.094,0.974,6.81E-01,-0.0738,,,
636,1.24E+01,1.02E+01,3.82E-01,0.363,-0.136,0.922,2.45E-01,0.0952,,,
Strip 25,,,,,,,,,,,
637,1.30E+01,1.23E+01,4.48E-01,-0.054,0.054,-0.997,2.03E-01,0.0921,,,
638,1.28E+01,1.23E+01,4.72E-01,-0.147,0.08,-0.986,6.03E-01,0.2544,,,
639,1.24E+01,1.23E+01,5.05E-01,-0.053,0.053,-0.997,9.56E-01,0.3344,,,
640,1.19E+01,1.23E+01,5.09E-01,0.026,0.029,-0.999,1.26E+00,0.3243,,,
641,1.12E+01,1.23E+01,4.77E-01,0.067,0.015,-0.998,1.49E+00,0.2846,,,
642,1.05E+01,1.23E+01,4.25E-01,0.072,0.014,-0.997,1.63E+00,0.2488,,,
643,9.67E+00,1.23E+01,3.82E-01,0.037,0.027,-0.999,1.68E+00,0.2548,,,
644,8.88E+00,1.23E+01,3.62E-01,0.013,0.037,-0.999,1.63E+00,0.3042,,,
645,8.13E+00,1.23E+01,3.59E-01,-0.005,0.045,-0.999,1.49E+00,0.3794,,,
646,7.48E+00,1.23E+01,3.69E-01,-0.028,0.055,-0.998,1.26E+00,0.4874,,,
647,6.95E+00,1.23E+01,3.91E-01,-0.057,0.069,-0.996,9.57E-01,0.6407,,,
648,6.58E+00,1.23E+01,4.18E-01,-0.099,0.09,-0.991,6.00E-01,0.7854,,,
649,6.38E+00,1.23E+01,4.53E-01,-0.386,0.233,-0.892,2.26E-01,-0.5461,,,
650,6.38E+00,1.23E+01,5.38E-01,-0.741,0.359,0.568,3.58E-01,-6.0281,,,
651,6.58E+00,1.23E+01,6.54E-01,-0.345,0.144,0.928,6.42E-01,-3.4969,,,
652,6.95E+00,1.23E+01,7.47E-01,-0.173,0.057,0.983,9.70E-01,-1.9091,,,
653,7.48E+00,1.23E+01,8.17E-01,-0.097,0.02,0.995,1.26E+00,-1.281,,,
654,8.13E+00,1.23E+01,8.64E-01,-0.051,-0.002,0.999,1.49E+00,-0.9797,,,
655,8.88E+00,1.23E+01,8.87E-01,-0.013,-0.018,1,1.63E+00,-0.8069,,,
656,9.67E+00,1.23E+01,8.81E-01,0.027,-0.035,0.999,1.68E+00,-0.6844,,,
657,1.05E+01,1.23E+01,8.41E-01,0.075,-0.053,0.996,1.64E+00,-0.562,,,
658,1.12E+01,1.23E+01,7.66E-01,0.125,-0.07,0.99,1.50E+00,-0.4116,,,
659,1.19E+01,1.23E+01,6.74E-01,0.155,-0.08,0.985,1.28E+00,-0.2707,,,
660,1.24E+01,1.23E+01,5.85E-01,0.18,-0.087,0.98,9.72E-01,-0.1503,,,
661,1.28E+01,1.23E+01,5.13E-01,0.204,-0.094,0.974,6.10E-01,-0.0749,,,
662,1.30E+01,1.23E+01,4.64E-01,0.363,-0.136,0.922,2.19E-01,0.0959,,,
Strip 26,,,,,,,,,,,
663,1.35E+01,1.44E+01,5.28E-01,-0.054,0.054,-0.997,1.80E-01,0.0927,,,
664,1.33E+01,1.44E+01,5.50E-01,-0.147,0.08,-0.986,5.35E-01,0.255,,,
665,1.30E+01,1.44E+01,5.81E-01,-0.053,0.053,-0.997,8.47E-01,0.3352,,,
666,1.25E+01,1.44E+01,5.85E-01,0.026,0.029,-0.999,1.11E+00,0.3259,,,
667,1.19E+01,1.44E+01,5.55E-01,0.067,0.015,-0.998,1.32E+00,0.2875,,,
668,1.12E+01,1.44E+01,5.07E-01,0.072,0.014,-0.997,1.45E+00,0.2537,,,
669,1.05E+01,1.44E+01,4.67E-01,0.037,0.027,-0.999,1.49E+00,0.2619,,,
670,9.74E+00,1.44E+01,4.49E-01,0.013,0.037,-0.999,1.45E+00,0.3133,,,
671,9.05E+00,1.44E+01,4.46E-01,-0.005,0.045,-0.999,1.32E+00,0.3908,,,
672,8.44E+00,1.44E+01,4.56E-01,-0.028,0.055,-0.998,1.12E+00,0.5008,,,
673,7.95E+00,1.44E+01,4.75E-01,-0.057,0.069,-0.996,8.48E-01,0.654,,,
674,7.61E+00,1.44E+01,5.01E-01,-0.099,0.09,-0.991,5.32E-01,0.7832,,,
675,7.43E+00,1.44E+01,5.33E-01,-0.387,0.233,-0.892,2.00E-01,-0.7446,,,
676,7.43E+00,1.44E+01,6.11E-01,-0.741,0.358,0.568,3.17E-01,-6.4678,,,
677,7.61E+00,1.44E+01,7.19E-01,-0.345,0.144,0.928,5.69E-01,-3.6643,,,
678,7.95E+00,1.44E+01,8.06E-01,-0.173,0.057,0.983,8.60E-01,-1.9835,,,
679,8.44E+00,1.44E+01,8.70E-01,-0.097,0.02,0.995,1.12E+00,-1.3246,,,
680,9.05E+00,1.44E+01,9.14E-01,-0.051,-0.002,0.999,1.32E+00,-1.0091,,,
681,9.74E+00,1.44E+01,9.36E-01,-0.013,-0.018,1,1.44E+00,-0.8281,,,
682,1.05E+01,1.44E+01,9.30E-01,0.027,-0.035,0.999,1.49E+00,-0.7002,,,
683,1.12E+01,1.44E+01,8.92E-01,0.075,-0.053,0.996,1.45E+00,-0.5735,,,
684,1.19E+01,1.44E+01,8.24E-01,0.125,-0.07,0.99,1.33E+00,-0.4196,,,
685,1.25E+01,1.44E+01,7.38E-01,0.155,-0.08,0.985,1.13E+00,-0.276,,,
686,1.30E+01,1.44E+01,6.55E-01,0.18,-0.087,0.98,8.62E-01,-0.1534,,,
687,1.33E+01,1.44E+01,5.89E-01,0.204,-0.094,0.974,5.41E-01,-0.0762,,,
688,1.35E+01,1.44E+01,5.43E-01,0.363,-0.136,0.922,1.94E-01,0.0961,,,
Strip 27,,,,,,,,,,,
689,1.41E+01,1.63E+01,6.05E-01,-0.054,0.054,-0.997,1.58E-01,0.0931,,,
690,1.39E+01,1.63E+01,6.25E-01,-0.147,0.08,-0.986,4.68E-01,0.2552,,,
691,1.36E+01,1.63E+01,6.54E-01,-0.053,0.053,-0.997,7.42E-01,0.3357,,,
692,1.31E+01,1.63E+01,6.57E-01,0.026,0.029,-0.999,9.76E-01,0.327,,,
693,1.26E+01,1.63E+01,6.30E-01,0.067,0.015,-0.998,1.16E+00,0.2898,,,
694,1.19E+01,1.63E+01,5.85E-01,0.072,0.014,-0.997,1.27E+00,0.2576,,,
695,1.12E+01,1.63E+01,5.48E-01,0.037,0.027,-0.999,1.30E+00,0.2677,,,
696,1.06E+01,1.63E+01,5.31E-01,0.013,0.037,-0.999,1.27E+00,0.3209,,,
697,9.92E+00,1.63E+01,5.29E-01,-0.005,0.045,-0.999,1.16E+00,0.4002,,,
698,9.36E+00,1.63E+01,5.38E-01,-0.028,0.055,-0.998,9.77E-01,0.5119,,,
699,8.91E+00,1.63E+01,5.56E-01,-0.057,0.069,-0.996,7.43E-01,0.6649,,,
700,8.59E+00,1.63E+01,5.79E-01,-0.099,0.09,-0.991,4.66E-01,0.7792,,,
701,8.42E+00,1.63E+01,6.09E-01,-0.387,0.233,-0.892,1.76E-01,-0.9298,,,
702,8.42E+00,1.63E+01,6.82E-01,-0.74,0.358,0.569,2.78E-01,-6.8621,,,
703,8.59E+00,1.63E+01,7.81E-01,-0.344,0.144,0.928,4.99E-01,-3.812,,,
704,8.91E+00,1.63E+01,8.61E-01,-0.173,0.057,0.983,7.53E-01,-2.0488,,,
705,9.36E+00,1.63E+01,9.21E-01,-0.097,0.02,0.995,9.80E-01,-1.3627,,,
706,9.92E+00,1.63E+01,9.62E-01,-0.051,-0.002,0.999,1.16E+00,-1.0347,,,
707,1.06E+01,1.63E+01,9.81E-01,-0.013,-0.018,1,1.27E+00,-0.8466,,,
708,1.12E+01,1.63E+01,9.76E-01,0.027,-0.035,0.999,1.30E+00,-0.7139,,,
709,1.19E+01,1.63E+01,9.41E-01,0.075,-0.053,0.996,1.27E+00,-0.5836,,,
710,1.26E+01,1.63E+01,8.78E-01,0.125,-0.07,0.99,1.17E+00,-0.4266,,,
711,1.31E+01,1.63E+01,7.99E-01,0.155,-0.08,0.985,9.90E-01,-0.2806,,,
712,1.36E+01,1.63E+01,7.22E-01,0.181,-0.087,0.98,7.55E-01,-0.1562,,,
713,1.39E+01,1.63E+01,6.61E-01,0.204,-0.094,0.974,4.74E-01,-0.0774,,,
714,1.41E+01,1.63E+01,6.19E-01,0.364,-0.136,0.922,1.70E-01,0.0962,,,
Strip 28,,,,,,,,,,,
715,1.46E+01,1.82E+01,6.77E-01,-0.054,0.054,-0.997,1.36E-01,0.0932,,,
716,1.44E+01,1.82E+01,6.96E-01,-0.147,0.08,-0.986,4.06E-01,0.2551,,,
717,1.41E+01,1.82E+01,7.22E-01,-0.053,0.053,-0.997,6.42E-01,0.3357,,,
718,1.37E+01,1.82E+01,7.25E-01,0.026,0.029,-0.999,8.45E-01,0.3274,,,
719,1.32E+01,1.82E+01,7.00E-01,0.067,0.015,-0.998,1.00E+00,0.2911,,,
720,1.26E+01,1.82E+01,6.59E-01,0.072,0.014,-0.997,1.10E+00,0.2604,,,
721,1.20E+01,1.82E+01,6.25E-01,0.037,0.027,-0.999,1.13E+00,0.2721,,,
722,1.13E+01,1.82E+01,6.09E-01,0.013,0.037,-0.999,1.10E+00,0.3268,,,
723,1.07E+01,1.82E+01,6.07E-01,-0.005,0.045,-0.999,1.00E+00,0.4078,,,
724,1.02E+01,1.82E+01,6.15E-01,-0.028,0.055,-0.998,8.46E-01,0.5209,,,
725,9.81E+00,1.82E+01,6.32E-01,-0.057,0.069,-0.996,6.43E-01,0.6735,,,
726,9.51E+00,1.82E+01,6.53E-01,-0.099,0.09,-0.991,4.03E-01,0.7741,,,
727,9.36E+00,1.82E+01,6.81E-01,-0.387,0.233,-0.892,1.52E-01,-1.0978,,,
728,9.36E+00,1.82E+01,7.48E-01,-0.74,0.358,0.569,2.41E-01,-7.2072,,,
729,9.51E+00,1.82E+01,8.40E-01,-0.344,0.144,0.928,4.32E-01,-3.9394,,,
730,9.81E+00,1.82E+01,9.14E-01,-0.173,0.057,0.983,6.52E-01,-2.1048,,,
731,1.02E+01,1.82E+01,9.69E-01,-0.097,0.02,0.995,8.49E-01,-1.3951,,,
732,1.07E+01,1.82E+01,1.01E+00,-0.051,-0.002,0.999,1.00E+00,-1.0563,,,
733,1.13E+01,1.82E+01,1.03E+00,-0.013,-0.018,1,1.10E+00,-0.862,,,
734,1.20E+01,1.82E+01,1.02E+00,0.027,-0.035,0.999,1.13E+00,-0.7252,,,
735,1.26E+01,1.82E+01,9.88E-01,0.075,-0.053,0.996,1.10E+00,-0.5917,,,
736,1.32E+01,1.82E+01,9.29E-01,0.125,-0.07,0.99,1.01E+00,-0.4323,,,
737,1.37E+01,1.82E+01,8.56E-01,0.155,-0.08,0.985,8.57E-01,-0.2843,,,
738,1.41E+01,1.82E+01,7.85E-01,0.181,-0.087,0.98,6.54E-01,-0.1584,,,
739,1.44E+01,1.82E+01,7.28E-01,0.204,-0.094,0.974,4.10E-01,-0.0784,,,
740,1.46E+01,1.82E+01,6.90E-01,0.364,-0.136,0.922,1.47E-01,0.0963,,,
Strip 29,,,,,,,,,,,
741,1.50E+01,1.99E+01,7.44E-01,-0.054,0.054,-0.997,1.17E-01,0.0928,,,
742,1.49E+01,1.99E+01,7.61E-01,-0.147,0.08,-0.986,3.47E-01,0.2544,,,
743,1.46E+01,1.99E+01,7.86E-01,-0.053,0.053,-0.997,5.49E-01,0.3349,,,
744,1.42E+01,1.99E+01,7.89E-01,0.026,0.029,-0.999,7.23E-01,0.3269,,,
745,1.38E+01,1.99E+01,7.66E-01,0.067,0.015,-0.998,8.56E-01,0.2912,,,
746,1.32E+01,1.99E+01,7.27E-01,0.072,0.014,-0.997,9.40E-01,0.2616,,,
747,1.26E+01,1.99E+01,6.96E-01,0.037,0.027,-0.999,9.66E-01,0.2746,,,
748,1.21E+01,1.99E+01,6.82E-01,0.013,0.037,-0.999,9.37E-01,0.3307,,,
749,1.15E+01,1.99E+01,6.79E-01,-0.005,0.045,-0.999,8.55E-01,0.4131,,,
750,1.10E+01,1.99E+01,6.87E-01,-0.028,0.055,-0.998,7.23E-01,0.5274,,,
751,1.07E+01,1.99E+01,7.02E-01,-0.057,0.069,-0.996,5.50E-01,0.6798,,,
752,1.04E+01,1.99E+01,7.22E-01,-0.099,0.09,-0.991,3.45E-01,0.7687,,,
753,1.02E+01,1.99E+01,7.48E-01,-0.387,0.233,-0.892,1.30E-01,-1.2422,,,
754,1.02E+01,1.99E+01,8.10E-01,-0.74,0.358,0.57,2.06E-01,-7.4936,,,
755,1.04E+01,1.99E+01,8.95E-01,-0.344,0.144,0.928,3.70E-01,-4.0431,,,
756,1.07E+01,1.99E+01,9.63E-01,-0.173,0.057,0.983,5.58E-01,-2.15,,,
757,1.10E+01,1.99E+01,1.01E+00,-0.097,0.02,0.995,7.26E-01,-1.4208,,,
758,1.15E+01,1.99E+01,1.05E+00,-0.051,-0.002,0.999,8.55E-01,-1.073,,,
759,1.21E+01,1.99E+01,1.07E+00,-0.013,-0.018,1,9.37E-01,-0.8736,,,
760,1.26E+01,1.99E+01,1.06E+00,0.027,-0.035,0.999,9.65E-01,-0.7334,,,
761,1.32E+01,1.99E+01,1.03E+00,0.075,-0.053,0.996,9.40E-01,-0.5974,,,
762,1.38E+01,1.99E+01,9.77E-01,0.125,-0.07,0.99,8.62E-01,-0.4362,,,
763,1.42E+01,1.99E+01,9.09E-01,0.155,-0.08,0.985,7.33E-01,-0.2869,,,
764,1.46E+01,1.99E+01,8.44E-01,0.181,-0.087,0.98,5.59E-01,-0.16,,,
765,1.49E+01,1.99E+01,7.92E-01,0.204,-0.094,0.974,3.51E-01,-0.0793,,,
766,1.50E+01,1.99E+01,7.56E-01,0.364,-0.136,0.921,1.26E-01,0.0962,,,
Strip 30,,,,,,,,,,,
767,1.55E+01,2.14E+01,8.06E-01,-0.054,0.054,-0.997,9.83E-02,0.0917,,,
768,1.53E+01,2.14E+01,8.22E-01,-0.147,0.08,-0.986,2.92E-01,0.2527,,,
769,1.51E+01,2.14E+01,8.44E-01,-0.053,0.053,-0.997,4.63E-01,0.3329,,,
770,1.47E+01,2.14E+01,8.47E-01,0.026,0.029,-0.999,6.10E-01,0.3248,,,
771,1.43E+01,2.14E+01,8.26E-01,0.067,0.015,-0.998,7.23E-01,0.2894,,,
772,1.38E+01,2.14E+01,7.91E-01,0.072,0.014,-0.997,7.93E-01,0.2605,,,
773,1.33E+01,2.14E+01,7.62E-01,0.037,0.027,-0.999,8.15E-01,0.2745,,,
774,1.27E+01,2.14E+01,7.48E-01,0.013,0.037,-0.999,7.91E-01,0.3317,,,
775,1.22E+01,2.14E+01,7.46E-01,-0.005,0.045,-0.999,7.21E-01,0.4154,,,
776,1.18E+01,2.14E+01,7.53E-01,-0.028,0.055,-0.998,6.10E-01,0.531,,,
777,1.14E+01,2.14E+01,7.68E-01,-0.057,0.069,-0.996,4.64E-01,0.6834,,,
778,1.12E+01,2.14E+01,7.86E-01,-0.099,0.09,-0.991,2.91E-01,0.7636,,,
779,1.10E+01,2.14E+01,8.10E-01,-0.387,0.233,-0.892,1.10E-01,-1.3533,,,
780,1.10E+01,2.14E+01,8.66E-01,-0.739,0.358,0.571,1.74E-01,-7.7052,,,
781,1.12E+01,2.14E+01,9.45E-01,-0.344,0.144,0.928,3.12E-01,-4.1179,,,
782,1.14E+01,2.14E+01,1.01E+00,-0.173,0.057,0.983,4.71E-01,-2.1819,,,
783,1.18E+01,2.14E+01,1.06E+00,-0.097,0.02,0.995,6.12E-01,-1.4381,,,
784,1.22E+01,2.14E+01,1.09E+00,-0.051,-0.002,0.999,7.22E-01,-1.0835,,,
785,1.27E+01,2.14E+01,1.10E+00,-0.013,-0.018,1,7.90E-01,-0.8801,,,
786,1.33E+01,2.14E+01,1.10E+00,0.027,-0.035,0.999,8.14E-01,-0.7374,,,
787,1.38E+01,2.14E+01,1.07E+00,0.075,-0.053,0.996,7.93E-01,-0.5999,,,
788,1.43E+01,2.14E+01,1.02E+00,0.125,-0.07,0.99,7.27E-01,-0.4376,,,
789,1.47E+01,2.14E+01,9.59E-01,0.155,-0.08,0.985,6.18E-01,-0.2878,,,
790,1.51E+01,2.14E+01,8.98E-01,0.181,-0.087,0.98,4.71E-01,-0.1606,,,
791,1.53E+01,2.14E+01,8.50E-01,0.204,-0.094,0.974,2.96E-01,-0.0799,,,
792,1.55E+01,2.14E+01,8.17E-01,0.364,-0.136,0.921,1.06E-01,0.0961,,,
Strip 31,,,,,,,,,,,
793,1.59E+01,2.29E+01,8.62E-01,-0.054,0.054,-0.997,8.17E-02,0.0894,,,
794,1.57E+01,2.29E+01,8.77E-01,-0.147,0.08,-0.986,2.43E-01,0.2495,,,
795,1.55E+01,2.29E+01,8.98E-01,-0.053,0.053,-0.997,3.85E-01,0.3287,,,
796,1.52E+01,2.29E+01,9.00E-01,0.026,0.029,-0.999,5.07E-01,0.3201,,,
797,1.48E+01,2.29E+01,8.80E-01,0.067,0.015,-0.998,6.00E-01,0.2845,,,
798,1.43E+01,2.29E+01,8.48E-01,0.072,0.014,-0.997,6.59E-01,0.2558,,,
799,1.38E+01,2.29E+01,8.21E-01,0.037,0.027,-0.999,6.77E-01,0.2704,,,
800,1.33E+01,2.29E+01,8.09E-01,0.013,0.037,-0.999,6.57E-01,0.3286,,,
801,1.29E+01,2.29E+01,8.07E-01,-0.005,0.045,-0.999,5.99E-01,0.4135,,,
802,1.25E+01,2.29E+01,8.13E-01,-0.028,0.055,-0.998,5.07E-01,0.5305,,,
803,1.21E+01,2.29E+01,8.27E-01,-0.057,0.069,-0.996,3.85E-01,0.6836,,,
804,1.19E+01,2.29E+01,8.44E-01,-0.099,0.09,-0.991,2.42E-01,0.7596,,,
805,1.18E+01,2.29E+01,8.65E-01,-0.387,0.233,-0.892,9.09E-02,-1.4171,,,
806,1.18E+01,2.29E+01,9.18E-01,-0.739,0.357,0.572,1.45E-01,-7.8167,,,
807,1.19E+01,2.29E+01,9.91E-01,-0.344,0.144,0.928,2.59E-01,-4.1545,,,
808,1.21E+01,2.29E+01,1.05E+00,-0.173,0.057,0.983,3.91E-01,-2.1961,,,
809,1.25E+01,2.29E+01,1.09E+00,-0.097,0.02,0.995,5.09E-01,-1.444,,,
810,1.29E+01,2.29E+01,1.12E+00,-0.051,-0.002,0.999,6.00E-01,-1.0853,,,
811,1.33E+01,2.29E+01,1.14E+00,-0.013,-0.018,1,6.57E-01,-0.8794,,,
812,1.38E+01,2.29E+01,1.13E+00,0.027,-0.035,0.999,6.77E-01,-0.7354,,,
813,1.43E+01,2.29E+01,1.11E+00,0.075,-0.053,0.996,6.59E-01,-0.5974,,,
814,1.48E+01,2.29E+01,1.06E+00,0.125,-0.07,0.99,6.04E-01,-0.4354,,,
815,1.52E+01,2.29E+01,1.00E+00,0.155,-0.08,0.985,5.13E-01,-0.2862,,,
816,1.55E+01,2.29E+01,9.47E-01,0.181,-0.087,0.98,3.92E-01,-0.1598,,,
817,1.57E+01,2.29E+01,9.03E-01,0.205,-0.094,0.974,2.46E-01,-0.08,,,
818,1.59E+01,2.29E+01,8.72E-01,0.364,-0.136,0.921,8.82E-02,0.0959,,,
Strip 32,,,,,,,,,,,
819,1.62E+01,2.41E+01,9.12E-01,-0.054,0.054,-0.997,6.67E-02,0.0851,,,
820,1.61E+01,2.41E+01,9.26E-01,-0.147,0.08,-0.986,1.98E-01,0.2433,,,
821,1.59E+01,2.41E+01,9.45E-01,-0.053,0.053,-0.997,3.14E-01,0.3208,,,
822,1.56E+01,2.41E+01,9.47E-01,0.026,0.029,-0.999,4.14E-01,0.3109,,,
823,1.52E+01,2.41E+01,9.29E-01,0.067,0.015,-0.998,4.90E-01,0.2745,,,
824,1.48E+01,2.41E+01,8.99E-01,0.072,0.014,-0.997,5.38E-01,0.2452,,,
825,1.43E+01,2.41E+01,8.74E-01,0.037,0.027,-0.999,5.53E-01,0.2599,,,
826,1.39E+01,2.41E+01,8.63E-01,0.013,0.037,-0.999,5.37E-01,0.3189,,,
827,1.34E+01,2.41E+01,8.61E-01,-0.005,0.045,-0.999,4.89E-01,0.4052,,,
828,1.31E+01,2.41E+01,8.67E-01,-0.028,0.055,-0.998,4.14E-01,0.524,,,
829,1.27E+01,2.41E+01,8.79E-01,-0.057,0.069,-0.996,3.15E-01,0.679,,,
830,1.25E+01,2.41E+01,8.95E-01,-0.099,0.09,-0.991,1.97E-01,0.7574,,,
831,1.24E+01,2.41E+01,9.15E-01,-0.388,0.233,-0.892,7.42E-02,-1.4147,,,
832,1.24E+01,2.41E+01,9.64E-01,-0.738,0.357,0.572,1.18E-01,-7.7924,,,
833,1.25E+01,2.41E+01,1.03E+00,-0.344,0.144,0.928,2.12E-01,-4.1399,,,
834,1.27E+01,2.41E+01,1.09E+00,-0.173,0.057,0.983,3.20E-01,-2.1863,,,
835,1.31E+01,2.41E+01,1.13E+00,-0.097,0.02,0.995,4.16E-01,-1.4341,,,
836,1.34E+01,2.41E+01,1.15E+00,-0.051,-0.002,0.999,4.90E-01,-1.0747,,,
837,1.39E+01,2.41E+01,1.17E+00,-0.013,-0.018,1,5.36E-01,-0.8683,,,
838,1.43E+01,2.41E+01,1.16E+00,0.027,-0.035,0.999,5.52E-01,-0.7245,,,
839,1.48E+01,2.41E+01,1.14E+00,0.075,-0.053,0.996,5.38E-01,-0.5877,,,
840,1.52E+01,2.41E+01,1.10E+00,0.125,-0.07,0.99,4.93E-01,-0.4278,,,
841,1.56E+01,2.41E+01,1.04E+00,0.155,-0.08,0.985,4.19E-01,-0.2811,,,
842,1.59E+01,2.41E+01,9.91E-01,0.181,-0.087,0.98,3.20E-01,-0.1571,,,
843,1.61E+01,2.41E+01,9.50E-01,0.205,-0.094,0.974,2.01E-01,-0.0798,,,
844,1.62E+01,2.41E+01,9.22E-01,0.364,-0.136,0.921,7.20E-02,0.0954,,,
Strip 33,,,,,,,,,,,
845,1.65E+01,2.52E+01,9.56E-01,-0.054,0.054,-0.997,5.33E-02,0.0769,,,
846,1.64E+01,2.52E+01,9.68E-01,-0.147,0.08,-0.986,1.59E-01,0.232,,,
847,1.62E+01,2.52E+01,9.86E-01,-0.053,0.053,-0.997,2.51E-01,0.3063,,,
848,1.59E+01,2.52E+01,9.88E-01,0.026,0.029,-0.999,3.31E-01,0.2941,,,
849,1.56E+01,2.52E+01,9.71E-01,0.067,0.015,-0.998,3.92E-01,0.2556,,,
850,1.52E+01,2.52E+01,9.43E-01,0.072,0.014,-0.997,4.30E-01,0.2247,,,
851,1.48E+01,2.52E+01,9.20E-01,0.037,0.027,-0.999,4.42E-01,0.2387,,,
852,1.43E+01,2.52E+01,9.10E-01,0.013,0.037,-0.999,4.29E-01,0.2985,,,
853,1.39E+01,2.52E+01,9.08E-01,-0.005,0.045,-0.999,3.91E-01,0.3867,,,
854,1.36E+01,2.52E+01,9.13E-01,-0.028,0.055,-0.998,3.31E-01,0.5081,,,
855,1.33E+01,2.52E+01,9.25E-01,-0.057,0.069,-0.996,2.52E-01,0.667,,,
856,1.31E+01,2.52E+01,9.40E-01,-0.099,0.09,-0.991,1.58E-01,0.7569,,,
857,1.30E+01,2.52E+01,9.58E-01,-0.388,0.233,-0.892,5.93E-02,-1.3232,,,
858,1.30E+01,2.52E+01,1.00E+00,-0.738,0.357,0.573,9.45E-02,-7.5856,,,
859,1.31E+01,2.52E+01,1.07E+00,-0.343,0.144,0.928,1.70E-01,-4.0564,,,
860,1.33E+01,2.52E+01,1.12E+00,-0.173,0.057,0.983,2.56E-01,-2.1432,,,
861,1.36E+01,2.52E+01,1.15E+00,-0.097,0.02,0.995,3.32E-01,-1.4017,,,
862,1.39E+01,2.52E+01,1.18E+00,-0.051,-0.002,0.999,3.91E-01,-1.0458,,,
863,1.43E+01,2.52E+01,1.19E+00,-0.013,-0.018,1,4.29E-01,-0.8415,,,
864,1.48E+01,2.52E+01,1.19E+00,0.027,-0.035,0.999,4.42E-01,-0.7,,,
865,1.52E+01,2.52E+01,1.17E+00,0.075,-0.053,0.996,4.30E-01,-0.5671,,,
866,1.56E+01,2.52E+01,1.13E+00,0.125,-0.07,0.99,3.94E-01,-0.4124,,,
867,1.59E+01,2.52E+01,1.08E+00,0.155,-0.08,0.985,3.35E-01,-0.2713,,,
868,1.62E+01,2.52E+01,1.03E+00,0.181,-0.087,0.98,2.56E-01,-0.1523,,,
869,1.64E+01,2.52E+01,9.91E-01,0.205,-0.094,0.974,1.60E-01,-0.0798,,,
870,1.65E+01,2.52E+01,9.64E-01,0.364,-0.136,0.921,5.76E-02,0.0939,,,
Strip 34,,,,,,,,,,,
871,1.68E+01,2.62E+01,9.92E-01,-0.054,0.054,-0.997,4.14E-02,0.0608,,,
872,1.67E+01,2.62E+01,1.00E+00,-0.147,0.08,-0.986,1.23E-01,0.2104,,,
873,1.65E+01,2.62E+01,1.02E+00,-0.053,0.053,-0.997,1.95E-01,0.2794,,,
874,1.62E+01,2.62E+01,1.02E+00,0.026,0.029,-0.999,2.57E-01,0.2634,,,
875,1.59E+01,2.62E+01,1.01E+00,0.067,0.015,-0.998,3.04E-01,0.2217,,,
876,1.55E+01,2.62E+01,9.81E-01,0.072,0.014,-0.997,3.34E-01,0.1877,,,
877,1.51E+01,2.62E+01,9.59E-01,0.037,0.027,-0.999,3.43E-01,0.1999,,,
878,1.47E+01,2.62E+01,9.49E-01,0.013,0.037,-0.999,3.33E-01,0.2602,,,
879,1.43E+01,2.62E+01,9.48E-01,-0.005,0.045,-0.999,3.04E-01,0.3509,,,
880,1.40E+01,2.62E+01,9.53E-01,-0.028,0.055,-0.998,2.57E-01,0.4768,,,
881,1.38E+01,2.62E+01,9.64E-01,-0.057,0.069,-0.996,1.95E-01,0.6429,,,
882,1.36E+01,2.62E+01,9.77E-01,-0.099,0.09,-0.991,1.22E-01,0.7561,,,
883,1.35E+01,2.62E+01,9.95E-01,-0.388,0.233,-0.892,4.60E-02,-1.121,,,
884,1.35E+01,2.62E+01,1.04E+00,-0.737,0.357,0.574,7.34E-02,-7.144,,,
885,1.36E+01,2.62E+01,1.10E+00,-0.343,0.144,0.928,1.32E-01,-3.8829,,,
886,1.38E+01,2.62E+01,1.14E+00,-0.173,0.057,0.983,1.98E-01,-2.0551,,,
887,1.40E+01,2.62E+01,1.18E+00,-0.097,0.02,0.995,2.58E-01,-1.3374,,,
888,1.43E+01,2.62E+01,1.20E+00,-0.051,-0.002,0.999,3.04E-01,-0.9907,,,
889,1.47E+01,2.62E+01,1.21E+00,-0.013,-0.018,1,3.33E-01,-0.7921,,,
890,1.51E+01,2.62E+01,1.21E+00,0.027,-0.035,0.999,3.43E-01,-0.657,,,
891,1.55E+01,2.62E+01,1.19E+00,0.075,-0.053,0.996,3.34E-01,-0.5326,,,
892,1.59E+01,2.62E+01,1.15E+00,0.125,-0.07,0.99,3.06E-01,-0.3883,,,
893,1.62E+01,2.62E+01,1.11E+00,0.155,-0.08,0.985,2.60E-01,-0.2576,,,
894,1.65E+01,2.62E+01,1.06E+00,0.181,-0.087,0.98,1.98E-01,-0.1477,,,
895,1.67E+01,2.62E+01,1.03E+00,0.205,-0.094,0.974,1.25E-01,-0.0832,,,
896,1.68E+01,2.62E+01,1.00E+00,0.364,-0.136,0.921,4.47E-02,0.0882,,,
Strip 35,,,,,,,,,,,
897,1.70E+01,2.69E+01,1.02E+00,-0.054,0.054,-0.997,3.08E-02,0.0243,,,
898,1.69E+01,2.69E+01,1.03E+00,-0.147,0.08,-0.986,9.14E-02,0.1646,,,
899,1.67E+01,2.69E+01,1.05E+00,-0.053,0.053,-0.997,1.45E-01,0.2255,,,
900,1.65E+01,2.69E+01,1.05E+00,0.026,0.029,-0.999,1.91E-01,0.2052,,,
901,1.62E+01,2.69E+01,1.04E+00,0.067,0.015,-0.998,2.26E-01,0.1608,,,
902,1.58E+01,2.69E+01,1.01E+00,0.072,0.014,-0.997,2.48E-01,0.1236,,,
903,1.54E+01,2.69E+01,9.91E-01,0.037,0.027,-0.999,2.55E-01,0.1324,,,
904,1.50E+01,2.69E+01,9.81E-01,0.013,0.037,-0.999,2.47E-01,0.1913,,,
905,1.47E+01,2.69E+01,9.80E-01,-0.005,0.045,-0.999,2.26E-01,0.2844,,,
906,1.44E+01,2.69E+01,9.85E-01,-0.028,0.055,-0.998,1.91E-01,0.4172,,,
907,1.41E+01,2.69E+01,9.95E-01,-0.057,0.069,-0.996,1.45E-01,0.596,,,
908,1.39E+01,2.69E+01,1.01E+00,-0.099,0.09,-0.991,9.09E-02,0.7473,,,
909,1.39E+01,2.69E+01,1.02E+00,-0.388,0.234,-0.891,3.42E-02,-0.7996,,,
910,1.39E+01,2.69E+01,1.07E+00,-0.737,0.356,0.575,5.46E-02,-6.4226,,,
911,1.39E+01,2.69E+01,1.12E+00,-0.343,0.144,0.928,9.78E-02,-3.5981,,,
912,1.41E+01,2.69E+01,1.17E+00,-0.173,0.057,0.983,1.47E-01,-1.9074,,,
913,1.44E+01,2.69E+01,1.20E+00,-0.097,0.02,0.995,1.92E-01,-1.2295,,,
914,1.47E+01,2.69E+01,1.22E+00,-0.051,-0.002,0.999,2.26E-01,-0.9002,,,
915,1.50E+01,2.69E+01,1.23E+00,-0.013,-0.018,1,2.47E-01,-0.7152,,,
916,1.54E+01,2.69E+01,1.23E+00,0.027,-0.035,0.999,2.55E-01,-0.5956,,,
917,1.58E+01,2.69E+01,1.21E+00,0.075,-0.053,0.996,2.48E-01,-0.489,,,
918,1.62E+01,2.69E+01,1.17E+00,0.125,-0.07,0.99,2.27E-01,-0.3638,,,
919,1.65E+01,2.69E+01,1.13E+00,0.155,-0.08,0.985,1.93E-01,-0.2512,,,
920,1.67E+01,2.69E+01,1.09E+00,0.181,-0.087,0.98,1.47E-01,-0.1562,,,
921,1.69E+01,2.69E+01,1.05E+00,0.205,-0.094,0.974,9.25E-02,-0.1041,,,
922,1.70E+01,2.69E+01,1.03E+00,0.364,-0.136,0.921,3.32E-02,0.065,,,
Strip 36,,,,,,,,,,,
923,1.71E+01,2.75E+01,1.04E+00,-0.054,0.054,-0.997,2.12E-02,-0.0833,,,
924,1.71E+01,2.75E+01,1.06E+00,-0.147,0.08,-0.986,6.29E-02,0.0399,,,
925,1.69E+01,2.75E+01,1.07E+00,-0.053,0.053,-0.997,9.98E-02,0.0903,,,
926,1.67E+01,2.75E+01,1.07E+00,0.026,0.029,-0.999,1.31E-01,0.072,,,
927,1.64E+01,2.75E+01,1.06E+00,0.067,0.015,-0.998,1.56E-01,0.0359,,,
928,1.60E+01,2.75E+01,1.03E+00,0.072,0.014,-0.997,1.71E-01,0.0065,,,
929,1.56E+01,2.75E+01,1.01E+00,0.037,0.027,-0.999,1.76E-01,0.0173,,,
930,1.53E+01,2.75E+01,1.01E+00,0.013,0.037,-0.999,1.70E-01,0.0723,,,
931,1.49E+01,2.75E+01,1.00E+00,-0.005,0.045,-0.999,1.55E-01,0.1612,,,
932,1.46E+01,2.75E+01,1.01E+00,-0.028,0.055,-0.998,1.31E-01,0.2983,,,
933,1.44E+01,2.75E+01,1.02E+00,-0.057,0.069,-0.996,9.99E-02,0.4977,,,
934,1.42E+01,2.75E+01,1.03E+00,-0.099,0.09,-0.991,6.26E-02,0.707,,,
935,1.41E+01,2.75E+01,1.05E+00,-0.388,0.234,-0.891,2.35E-02,-0.3843,,,
936,1.41E+01,2.75E+01,1.09E+00,-0.736,0.356,0.575,3.76E-02,-5.4033,,,
937,1.42E+01,2.75E+01,1.14E+00,-0.343,0.144,0.928,6.74E-02,-3.1857,,,
938,1.44E+01,2.75E+01,1.18E+00,-0.173,0.057,0.983,1.02E-01,-1.6854,,,
939,1.46E+01,2.75E+01,1.21E+00,-0.097,0.02,0.995,1.32E-01,-1.0693,,,
940,1.49E+01,2.75E+01,1.24E+00,-0.051,-0.002,0.999,1.56E-01,-0.7778,,,
941,1.53E+01,2.75E+01,1.25E+00,-0.013,-0.018,1,1.70E-01,-0.6291,,,
942,1.56E+01,2.75E+01,1.24E+00,0.027,-0.035,0.999,1.75E-01,-0.5456,,,
943,1.60E+01,2.75E+01,1.22E+00,0.075,-0.053,0.996,1.71E-01,-0.4739,,,
944,1.64E+01,2.75E+01,1.19E+00,0.125,-0.07,0.99,1.57E-01,-0.382,,,
945,1.67E+01,2.75E+01,1.15E+00,0.155,-0.08,0.985,1.33E-01,-0.3011,,,
946,1.69E+01,2.75E+01,1.11E+00,0.181,-0.087,0.98,1.01E-01,-0.2337,,,
947,1.71E+01,2.75E+01,1.07E+00,0.205,-0.094,0.974,6.37E-02,-0.2017,,,
948,1.71E+01,2.75E+01,1.05E+00,0.364,-0.136,0.921,2.28E-02,-0.0332,,,
Strip 37,,,,,,,,,,,
949,1.73E+01,2.79E+01,1.06E+00,-0.054,0.054,-0.997,1.24E-02,-0.603,,,
950,1.72E+01,2.79E+01,1.07E+00,-0.147,0.08,-0.986,3.68E-02,-0.5259,,,
951,1.70E+01,2.79E+01,1.09E+00,-0.053,0.053,-0.997,5.83E-02,-0.4594,,,
952,1.68E+01,2.79E+01,1.09E+00,0.026,0.029,-0.999,7.68E-02,-0.3842,,,
953,1.65E+01,2.79E+01,1.07E+00,0.067,0.015,-0.998,9.10E-02,-0.3062,,,
954,1.61E+01,2.79E+01,1.05E+00,0.072,0.014,-0.997,9.99E-02,-0.2467,,,
955,1.58E+01,2.79E+01,1.03E+00,0.037,0.027,-0.999,1.03E-01,-0.1932,,,
956,1.54E+01,2.79E+01,1.02E+00,0.013,0.037,-0.999,9.96E-02,-0.1283,,,
957,1.51E+01,2.79E+01,1.02E+00,-0.005,0.045,-0.999,9.08E-02,-0.0501,,,
958,1.48E+01,2.79E+01,1.03E+00,-0.028,0.055,-0.998,7.68E-02,0.0644,,,
959,1.46E+01,2.79E+01,1.03E+00,-0.057,0.069,-0.996,5.84E-02,0.2602,,,
960,1.44E+01,2.79E+01,1.05E+00,-0.099,0.09,-0.991,3.66E-02,0.5431,,,
961,1.43E+01,2.79E+01,1.06E+00,-0.389,0.234,-0.891,1.37E-02,0.0134,,,
962,1.43E+01,2.79E+01,1.10E+00,-0.736,0.356,0.576,2.20E-02,-4.1169,,,
963,1.44E+01,2.79E+01,1.15E+00,-0.343,0.143,0.928,3.94E-02,-2.6375,,,
964,1.46E+01,2.79E+01,1.19E+00,-0.173,0.057,0.983,5.94E-02,-1.3824,,,
965,1.48E+01,2.79E+01,1.22E+00,-0.097,0.02,0.995,7.72E-02,-0.8848,,,
966,1.51E+01,2.79E+01,1.24E+00,-0.051,-0.002,0.999,9.09E-02,-0.6877,,,
967,1.54E+01,2.79E+01,1.25E+00,-0.013,-0.018,1,9.95E-02,-0.6158,,,
968,1.58E+01,2.79E+01,1.25E+00,0.027,-0.035,0.999,1.03E-01,-0.6005,,,
969,1.61E+01,2.79E+01,1.23E+00,0.075,-0.053,0.996,9.98E-02,-0.6098,,,
970,1.65E+01,2.79E+01,1.20E+00,0.125,-0.07,0.99,9.15E-02,-0.6294,,,
971,1.68E+01,2.79E+01,1.16E+00,0.155,-0.08,0.985,7.77E-02,-0.6809,,,
972,1.70E+01,2.79E+01,1.12E+00,0.181,-0.087,0.98,5.93E-02,-0.7287,,,
973,1.72E+01,2.79E+01,1.09E+00,0.205,-0.094,0.974,3.72E-02,-0.7657,,,
974,1.73E+01,2.79E+01,1.07E+00,0.364,-0.137,0.921,1.34E-02,-0.6043,,,
Strip 38,,,,,,,,,,,
975,1.73E+01,2.81E+01,1.07E+00,-0.054,0.054,-0.997,4.07E-03,-1.2533,,,
976,1.72E+01,2.81E+01,1.08E+00,-0.147,0.08,-0.986,1.21E-02,-1.2539,,,
977,1.71E+01,2.81E+01,1.09E+00,-0.053,0.053,-0.997,1.92E-02,-1.1824,,,
978,1.68E+01,2.81E+01,1.09E+00,0.026,0.029,-0.999,2.53E-02,-0.9774,,,
979,1.65E+01,2.81E+01,1.08E+00,0.067,0.015,-0.998,2.99E-02,-0.7287,,,
980,1.62E+01,2.81E+01,1.06E+00,0.072,0.014,-0.997,3.29E-02,-0.5268,,,
981,1.59E+01,2.81E+01,1.04E+00,0.037,0.027,-0.999,3.38E-02,-0.3952,,,
982,1.55E+01,2.81E+01,1.03E+00,0.013,0.037,-0.999,3.28E-02,-0.3017,,,
983,1.52E+01,2.81E+01,1.03E+00,-0.005,0.045,-0.999,2.99E-02,-0.2208,,,
984,1.49E+01,2.81E+01,1.03E+00,-0.028,0.055,-0.998,2.53E-02,-0.125,,,
985,1.47E+01,2.81E+01,1.04E+00,-0.057,0.069,-0.996,1.92E-02,0.0298,,,
986,1.45E+01,2.81E+01,1.05E+00,-0.099,0.09,-0.991,1.20E-02,0.3201,,,
987,1.44E+01,2.81E+01,1.07E+00,-0.389,0.234,-0.891,4.52E-03,0.3691,,,
988,1.44E+01,2.81E+01,1.11E+00,-0.736,0.356,0.576,7.24E-03,-2.7344,,,
989,1.45E+01,2.81E+01,1.16E+00,-0.343,0.143,0.928,1.30E-02,-1.94,,,
990,1.47E+01,2.81E+01,1.20E+00,-0.173,0.057,0.983,1.95E-02,-1.0478,,,
991,1.49E+01,2.81E+01,1.23E+00,-0.097,0.02,0.995,2.54E-02,-0.749,,,
992,1.52E+01,2.81E+01,1.25E+00,-0.051,-0.002,0.999,2.99E-02,-0.6553,,,
993,1.55E+01,2.81E+01,1.26E+00,-0.013,-0.018,1,3.27E-02,-0.6369,,,
994,1.59E+01,2.81E+01,1.26E+00,0.027,-0.035,0.999,3.37E-02,-0.6577,,,
995,1.62E+01,2.81E+01,1.24E+00,0.075,-0.053,0.996,3.28E-02,-0.7171,,,
996,1.65E+01,2.81E+01,1.21E+00,0.125,-0.07,0.99,3.01E-02,-0.8431,,,
997,1.68E+01,2.81E+01,1.17E+00,0.155,-0.08,0.985,2.56E-02,-1.0681,,,
998,1.71E+01,2.81E+01,1.13E+00,0.181,-0.087,0.98,1.95E-02,-1.3003,,,
999,1.72E+01,2.81E+01,1.10E+00,0.205,-0.094,0.974,1.22E-02,-1.4409,,,
1000,1.73E+01,2.81E+01,1.07E+00,0.364,-0.137,0.921,4.39E-03,-1.3076,,,
